calendaryear,location,Allcount,AllWomenCount,All_Abori_Count,All_PWD_Count,ALL_VisMin_Count,Women_Rep,Abo_Rep,PWD_Rep,VisMin_Rep,,Fel_Attainment,Abori_Attainment,PWD_Attainment,VisMin_Attainment,,,,Femal_Ava,Abo_Ava,PWD_Ava,VisMin_Ava,,,,,,,,,,,,,,,,,,,,,,,,,,,,,,,,,,,,,,,,,,,,,,,,,,,,,,,,,,,,,,,,,,,,,,,,,,,,,,,,,,,,,,,,,,,,,,,,,,,,,,,,,,,,,,,,,,,,,,,,,,,,,,,,,,,,,,,,,,,,,,,,,,,,,,,,,,,,,,
1997,Alberta,8538,4548,135,258,499,53.27%,1.58%,3.02%,5.84%,,100.41%,38.54%,40.00%,48.99%,,,Alberta,53.05%,4.10%,7.55%,11.92%,,,,,,,,,,,,,,,,,,,,,,,,,,,,,,,,,,,,,,,,,,,,,,,,,,,,,,,,,,,,,,,,,,,,,,,,,,,,,,,,,,,,,,,,,,,,,,,,,,,,,,,,,,,,,,,,,,,,,,,,,,,,,,,,,,,,,,,,,,,,,,,,,,,,,,,,,,,,,,
1998,Alberta,9206,4731,146,283,592,51.39%,1.59%,3.07%,6.43%,,96.87%,38.78%,40.66%,53.94%,,,British Columbia,53.87%,3.91%,8.63%,22.33%,,,,,,,,,,,,,,,,,,,,,,,,,,,,,,,,,,,,,,,,,,,,,,,,,,,,,,,,,,,,,,,,,,,,,,,,,,,,,,,,,,,,,,,,,,,,,,,,,,,,,,,,,,,,,,,,,,,,,,,,,,,,,,,,,,,,,,,,,,,,,,,,,,,,,,,,,,,,,,
1999,Alberta,9672,5130,163,288,650,53.04%,1.69%,2.98%,6.72%,,99.98%,41.22%,39.47%,56.38%,,,Manitoba,51.50%,9.82%,7.75%,7.25%,,,,,,,,,,,,,,,,,,,,,,,,,,,,,,,,,,,,,,,,,,,,,,,,,,,,,,,,,,,,,,,,,,,,,,,,,,,,,,,,,,,,,,,,,,,,,,,,,,,,,,,,,,,,,,,,,,,,,,,,,,,,,,,,,,,,,,,,,,,,,,,,,,,,,,,,,,,,,,
2000,Alberta,10071,5406,157,281,696,53.68%,1.56%,2.79%,6.91%,,101.19%,38.05%,36.95%,57.97%,,,New Brunswick,56.85%,2.74%,9.30%,1.65%,,,,,,,,,,,,,,,,,,,,,,,,,,,,,,,,,,,,,,,,,,,,,,,,,,,,,,,,,,,,,,,,,,,,,,,,,,,,,,,,,,,,,,,,,,,,,,,,,,,,,,,,,,,,,,,,,,,,,,,,,,,,,,,,,,,,,,,,,,,,,,,,,,,,,,,,,,,,,,
2001,Alberta,11020,5925,180,308,831,53.77%,1.63%,2.79%,7.54%,,101.36%,39.76%,36.95%,63.26%,,,Newfoundland,58.18%,7.34%,6.37%,1.14%,,,,,,,,,,,,,,,,,,,,,,,,,,,,,,,,,,,,,,,,,,,,,,,,,,,,,,,,,,,,,,,,,,,,,,,,,,,,,,,,,,,,,,,,,,,,,,,,,,,,,,,,,,,,,,,,,,,,,,,,,,,,,,,,,,,,,,,,,,,,,,,,,,,,,,,,,,,,,,
2002,Alberta,9487,4759,159,285,669,50.16%,1.68%,3.00%,7.05%,,94.55%,40.98%,39.74%,59.14%,,,Northwest Territories ,56.41%,33.91%,7.61%,6.96%,,,,,,,,,,,,,,,,,,,,,,,,,,,,,,,,,,,,,,,,,,,,,,,,,,,,,,,,,,,,,,,,,,,,,,,,,,,,,,,,,,,,,,,,,,,,,,,,,,,,,,,,,,,,,,,,,,,,,,,,,,,,,,,,,,,,,,,,,,,,,,,,,,,,,,,,,,,,,,
2003,Alberta,9413,4720,159,274,700,50.14%,1.69%,2.91%,7.44%,,94.51%,41.22%,38.54%,62.42%,,,Nova Scotia,56.49%,4.22%,8.20%,3.50%,,,,,,,,,,,,,,,,,,,,,,,,,,,,,,,,,,,,,,,,,,,,,,,,,,,,,,,,,,,,,,,,,,,,,,,,,,,,,,,,,,,,,,,,,,,,,,,,,,,,,,,,,,,,,,,,,,,,,,,,,,,,,,,,,,,,,,,,,,,,,,,,,,,,,,,,,,,,,,
2004,Alberta,9376,4746,164,298,800,50.62%,1.75%,3.18%,8.53%,,95.42%,42.68%,42.12%,71.56%,,,Nunavut,53.86%,56.91%,NA,4.88%,,,,,,,,,,,,,,,,,,,,,,,,,,,,,,,,,,,,,,,,,,,,,,,,,,,,,,,,,,,,,,,,,,,,,,,,,,,,,,,,,,,,,,,,,,,,,,,,,,,,,,,,,,,,,,,,,,,,,,,,,,,,,,,,,,,,,,,,,,,,,,,,,,,,,,,,,,,,,,
2005,Alberta,9511,4698,168,329,894,49.40%,1.77%,3.46%,9.40%,,93.12%,43.17%,45.83%,78.86%,,,Ontario,53.78%,1.99%,6.81%,20.24%,,,,,,,,,,,,,,,,,,,,,,,,,,,,,,,,,,,,,,,,,,,,,,,,,,,,,,,,,,,,,,,,,,,,,,,,,,,,,,,,,,,,,,,,,,,,,,,,,,,,,,,,,,,,,,,,,,,,,,,,,,,,,,,,,,,,,,,,,,,,,,,,,,,,,,,,,,,,,,
2006,Alberta,10168,5013,184,342,975,49.30%,1.81%,3.36%,9.59%,,92.93%,44.15%,44.50%,80.45%,,,Prince Edward Island,57.11%,1.15%,5.94%,1.47%,,,,,,,,,,,,,,,,,,,,,,,,,,,,,,,,,,,,,,,,,,,,,,,,,,,,,,,,,,,,,,,,,,,,,,,,,,,,,,,,,,,,,,,,,,,,,,,,,,,,,,,,,,,,,,,,,,,,,,,,,,,,,,,,,,,,,,,,,,,,,,,,,,,,,,,,,,,,,,
2007,Alberta,10384,5107,191,376,1126,49.18%,1.84%,3.62%,10.84%,,92.70%,44.88%,47.95%,90.94%,,,Quebec,55.76%,1.81%,4.05%,7.23%,,,,,,,,,,,,,,,,,,,,,,,,,,,,,,,,,,,,,,,,,,,,,,,,,,,,,,,,,,,,,,,,,,,,,,,,,,,,,,,,,,,,,,,,,,,,,,,,,,,,,,,,,,,,,,,,,,,,,,,,,,,,,,,,,,,,,,,,,,,,,,,,,,,,,,,,,,,,,,
2008,Alberta,10224,4833,182,329,1182,47.27%,1.78%,3.22%,11.56%,,89.10%,43.41%,42.65%,96.98%,,,Saskatchewan,48.37%,6.85%,7.48%,2.95%,,,,,,,,,,,,,,,,,,,,,,,,,,,,,,,,,,,,,,,,,,,,,,,,,,,,,,,,,,,,,,,,,,,,,,,,,,,,,,,,,,,,,,,,,,,,,,,,,,,,,,,,,,,,,,,,,,,,,,,,,,,,,,,,,,,,,,,,,,,,,,,,,,,,,,,,,,,,,,
2009,Alberta,9952,4693,196,323,1125,47.16%,1.97%,3.25%,11.30%,,88.90%,48.05%,43.05%,94.80%,,,Yukon,62.74%,17.96%,7.77%,3.64%,,,,,,,,,,,,,,,,,,,,,,,,,,,,,,,,,,,,,,,,,,,,,,,,,,,,,,,,,,,,,,,,,,,,,,,,,,,,,,,,,,,,,,,,,,,,,,,,,,,,,,,,,,,,,,,,,,,,,,,,,,,,,,,,,,,,,,,,,,,,,,,,,,,,,,,,,,,,,,
2010,Alberta,10263,4850,199,322,1190,47.26%,1.94%,3.14%,11.60%,,89.09%,47.32%,41.59%,97.32%,,,,,,,,,,,,,,,,,,,,,,,,,,,,,,,,,,,,,,,,,,,,,,,,,,,,,,,,,,,,,,,,,,,,,,,,,,,,,,,,,,,,,,,,,,,,,,,,,,,,,,,,,,,,,,,,,,,,,,,,,,,,,,,,,,,,,,,,,,,,,,,,,,,,,,,,,,,,,,,,,,,,,
2011,Alberta,10654,5036,211,303,1324,47.27%,1.98%,2.84%,12.43%,,89.10%,48.29%,37.62%,104.28%,,,,,,,,,,,,,,,,,,,,,,,,,,,,,,,,,,,,,,,,,,,,,,,,,,,,,,,,,,,,,,,,,,,,,,,,,,,,,,,,,,,,,,,,,,,,,,,,,,,,,,,,,,,,,,,,,,,,,,,,,,,,,,,,,,,,,,,,,,,,,,,,,,,,,,,,,,,,,,,,,,,,,
2012,Alberta,11329,5394,251,315,1485,47.61%,2.22%,2.78%,13.11%,,89.75%,54.15%,36.82%,109.98%,,,,,,,,,,,,,,,,,,,,,,,,,,,,,,,,,,,,,,,,,,,,,,,,,,,,,,,,,,,,,,,,,,,,,,,,,,,,,,,,,,,,,,,,,,,,,,,,,,,,,,,,,,,,,,,,,,,,,,,,,,,,,,,,,,,,,,,,,,,,,,,,,,,,,,,,,,,,,,,,,,,,,
2013,Alberta,11747,5519,248,328,1698,46.98%,2.11%,2.79%,14.45%,,88.56%,51.46%,36.95%,121.22%,,,,,,,,,,,,,,,,,,,,,,,,,,,,,,,,,,,,,,,,,,,,,,,,,,,,,,,,,,,,,,,,,,,,,,,,,,,,,,,,,,,,,,,,,,,,,,,,,,,,,,,,,,,,,,,,,,,,,,,,,,,,,,,,,,,,,,,,,,,,,,,,,,,,,,,,,,,,,,,,,,,,,
2014,Alberta,9536,4377,193,276,1305,45.90%,2.02%,2.89%,13.68%,,86.52%,49.27%,38.28%,114.77%,,,,,,,,,,,,,,,,,,,,,,,,,,,,,,,,,,,,,,,,,,,,,,,,,,,,,,,,,,,,,,,,,,,,,,,,,,,,,,,,,,,,,,,,,,,,,,,,,,,,,,,,,,,,,,,,,,,,,,,,,,,,,,,,,,,,,,,,,,,,,,,,,,,,,,,,,,,,,,,,,,,,,
2015,Alberta,10163,4701,225,292,1451,46.26%,2.21%,2.87%,14.28%,,87.20%,53.90%,38.01%,119.80%,,,,,,,,,,,,,,,,,,,,,,,,,,,,,,,,,,,,,,,,,,,,,,,,,,,,,,,,,,,,,,,,,,,,,,,,,,,,,,,,,,,,,,,,,,,,,,,,,,,,,,,,,,,,,,,,,,,,,,,,,,,,,,,,,,,,,,,,,,,,,,,,,,,,,,,,,,,,,,,,,,,,,
2016,Alberta,9596,4469,218,322,1479,46.57%,2.27%,3.36%,15.41%,,87.79%,55.37%,44.50%,129.28%,,,,,,,,,,,,,,,,,,,,,,,,,,,,,,,,,,,,,,,,,,,,,,,,,,,,,,,,,,,,,,,,,,,,,,,,,,,,,,,,,,,,,,,,,,,,,,,,,,,,,,,,,,,,,,,,,,,,,,,,,,,,,,,,,,,,,,,,,,,,,,,,,,,,,,,,,,,,,,,,,,,,,
2017,Alberta,9663,4427,233,313,1521,45.81%,2.41%,3.24%,15.74%,,86.35%,58.78%,42.91%,132.05%,,,,,,,,,,,,,,,,,,,,,,,,,,,,,,,,,,,,,,,,,,,,,,,,,,,,,,,,,,,,,,,,,,,,,,,,,,,,,,,,,,,,,,,,,,,,,,,,,,,,,,,,,,,,,,,,,,,,,,,,,,,,,,,,,,,,,,,,,,,,,,,,,,,,,,,,,,,,,,,,,,,,,
2018,Alberta,9648,4274,235,317,1559,44.30%,2.44%,3.29%,16.16%,,83.51%,59.51%,43.58%,135.57%,,,,,,,,,,,,,,,,,,,,,,,,,,,,,,,,,,,,,,,,,,,,,,,,,,,,,,,,,,,,,,,,,,,,,,,,,,,,,,,,,,,,,,,,,,,,,,,,,,,,,,,,,,,,,,,,,,,,,,,,,,,,,,,,,,,,,,,,,,,,,,,,,,,,,,,,,,,,,,,,,,,,,
2019,Alberta,10048,4441,232,331,1706,44.20%,2.31%,3.29%,16.98%,,83.32%,56.34%,43.58%,142.45%,,,,,,,,,,,,,,,,,,,,,,,,,,,,,,,,,,,,,,,,,,,,,,,,,,,,,,,,,,,,,,,,,,,,,,,,,,,,,,,,,,,,,,,,,,,,,,,,,,,,,,,,,,,,,,,,,,,,,,,,,,,,,,,,,,,,,,,,,,,,,,,,,,,,,,,,,,,,,,,,,,,,,
1997,British Columbia,10113,5696,107,254,1473,56.32%,1.06%,2.51%,14.57%,,104.55%,27.11%,29.08%,65.25%,,,,,,,,,,,,,,,,,,,,,,,,,,,,,,,,,,,,,,,,,,,,,,,,,,,,,,,,,,,,,,,,,,,,,,,,,,,,,,,,,,,,,,,,,,,,,,,,,,,,,,,,,,,,,,,,,,,,,,,,,,,,,,,,,,,,,,,,,,,,,,,,,,,,,,,,,,,,,,,,,,,,,
1998,British Columbia,9965,5724,106,266,1495,57.44%,1.06%,2.67%,15.00%,,106.63%,27.11%,30.94%,67.17%,,,,,,,,,,,,,,,,,,,,,,,,,,,,,,,,,,,,,,,,,,,,,,,,,,,,,,,,,,,,,,,,,,,,,,,,,,,,,,,,,,,,,,,,,,,,,,,,,,,,,,,,,,,,,,,,,,,,,,,,,,,,,,,,,,,,,,,,,,,,,,,,,,,,,,,,,,,,,,,,,,,,,
1999,British Columbia,10526,6076,125,287,1681,57.72%,1.19%,2.73%,15.97%,,107.15%,30.43%,31.63%,71.52%,,,,,,,,,,,,,,,,,,,,,,,,,,,,,,,,,,,,,,,,,,,,,,,,,,,,,,,,,,,,,,,,,,,,,,,,,,,,,,,,,,,,,,,,,,,,,,,,,,,,,,,,,,,,,,,,,,,,,,,,,,,,,,,,,,,,,,,,,,,,,,,,,,,,,,,,,,,,,,,,,,,,,
2000,British Columbia,10423,6079,119,269,1713,58.32%,1.14%,2.58%,16.43%,,108.26%,29.16%,29.90%,73.58%,,,,,,,,,,,,,,,,,,,,,,,,,,,,,,,,,,,,,,,,,,,,,,,,,,,,,,,,,,,,,,,,,,,,,,,,,,,,,,,,,,,,,,,,,,,,,,,,,,,,,,,,,,,,,,,,,,,,,,,,,,,,,,,,,,,,,,,,,,,,,,,,,,,,,,,,,,,,,,,,,,,,,
2001,British Columbia,11154,6552,129,262,2042,58.74%,1.16%,2.35%,18.31%,,109.04%,29.67%,27.23%,82.00%,,,,,,,,,,,,,,,,,,,,,,,,,,,,,,,,,,,,,,,,,,,,,,,,,,,,,,,,,,,,,,,,,,,,,,,,,,,,,,,,,,,,,,,,,,,,,,,,,,,,,,,,,,,,,,,,,,,,,,,,,,,,,,,,,,,,,,,,,,,,,,,,,,,,,,,,,,,,,,,,,,,,,
2002,British Columbia,9552,5312,115,270,1703,55.61%,1.20%,2.83%,17.83%,,103.23%,30.69%,32.79%,79.85%,,,,,,,,,,,,,,,,,,,,,,,,,,,,,,,,,,,,,,,,,,,,,,,,,,,,,,,,,,,,,,,,,,,,,,,,,,,,,,,,,,,,,,,,,,,,,,,,,,,,,,,,,,,,,,,,,,,,,,,,,,,,,,,,,,,,,,,,,,,,,,,,,,,,,,,,,,,,,,,,,,,,,
2003,British Columbia,9257,5230,118,258,1768,56.50%,1.27%,2.79%,19.10%,,104.88%,32.48%,32.33%,85.54%,,,,,,,,,,,,,,,,,,,,,,,,,,,,,,,,,,,,,,,,,,,,,,,,,,,,,,,,,,,,,,,,,,,,,,,,,,,,,,,,,,,,,,,,,,,,,,,,,,,,,,,,,,,,,,,,,,,,,,,,,,,,,,,,,,,,,,,,,,,,,,,,,,,,,,,,,,,,,,,,,,,,,
2004,British Columbia,9191,5122,131,293,1912,55.73%,1.43%,3.19%,20.80%,,103.45%,36.57%,36.96%,93.15%,,,,,,,,,,,,,,,,,,,,,,,,,,,,,,,,,,,,,,,,,,,,,,,,,,,,,,,,,,,,,,,,,,,,,,,,,,,,,,,,,,,,,,,,,,,,,,,,,,,,,,,,,,,,,,,,,,,,,,,,,,,,,,,,,,,,,,,,,,,,,,,,,,,,,,,,,,,,,,,,,,,,,
2005,British Columbia,9630,5338,134,316,2062,55.43%,1.39%,3.28%,21.41%,,102.90%,35.55%,38.01%,95.88%,,,,,,,,,,,,,,,,,,,,,,,,,,,,,,,,,,,,,,,,,,,,,,,,,,,,,,,,,,,,,,,,,,,,,,,,,,,,,,,,,,,,,,,,,,,,,,,,,,,,,,,,,,,,,,,,,,,,,,,,,,,,,,,,,,,,,,,,,,,,,,,,,,,,,,,,,,,,,,,,,,,,,
2006,British Columbia,10146,5586,152,338,2177,55.06%,1.50%,3.33%,21.46%,,102.21%,38.36%,38.59%,96.10%,,,,,,,,,,,,,,,,,,,,,,,,,,,,,,,,,,,,,,,,,,,,,,,,,,,,,,,,,,,,,,,,,,,,,,,,,,,,,,,,,,,,,,,,,,,,,,,,,,,,,,,,,,,,,,,,,,,,,,,,,,,,,,,,,,,,,,,,,,,,,,,,,,,,,,,,,,,,,,,,,,,,,
2007,British Columbia,10179,5477,168,329,2348,53.81%,1.65%,3.23%,23.07%,,99.89%,42.20%,37.43%,103.31%,,,,,,,,,,,,,,,,,,,,,,,,,,,,,,,,,,,,,,,,,,,,,,,,,,,,,,,,,,,,,,,,,,,,,,,,,,,,,,,,,,,,,,,,,,,,,,,,,,,,,,,,,,,,,,,,,,,,,,,,,,,,,,,,,,,,,,,,,,,,,,,,,,,,,,,,,,,,,,,,,,,,,
2008,British Columbia,9692,5065,140,308,2190,52.26%,1.44%,3.18%,22.60%,,97.01%,36.83%,36.85%,101.21%,,,,,,,,,,,,,,,,,,,,,,,,,,,,,,,,,,,,,,,,,,,,,,,,,,,,,,,,,,,,,,,,,,,,,,,,,,,,,,,,,,,,,,,,,,,,,,,,,,,,,,,,,,,,,,,,,,,,,,,,,,,,,,,,,,,,,,,,,,,,,,,,,,,,,,,,,,,,,,,,,,,,,
2009,British Columbia,9196,4820,138,293,2059,52.41%,1.50%,3.19%,22.39%,,97.29%,38.36%,36.96%,100.27%,,,,,,,,,,,,,,,,,,,,,,,,,,,,,,,,,,,,,,,,,,,,,,,,,,,,,,,,,,,,,,,,,,,,,,,,,,,,,,,,,,,,,,,,,,,,,,,,,,,,,,,,,,,,,,,,,,,,,,,,,,,,,,,,,,,,,,,,,,,,,,,,,,,,,,,,,,,,,,,,,,,,,
2010,British Columbia,9281,4789,137,294,2057,51.60%,1.48%,3.17%,22.16%,,95.79%,37.85%,36.73%,99.24%,,,,,,,,,,,,,,,,,,,,,,,,,,,,,,,,,,,,,,,,,,,,,,,,,,,,,,,,,,,,,,,,,,,,,,,,,,,,,,,,,,,,,,,,,,,,,,,,,,,,,,,,,,,,,,,,,,,,,,,,,,,,,,,,,,,,,,,,,,,,,,,,,,,,,,,,,,,,,,,,,,,,,
2011,British Columbia,9547,4933,153,312,2274,51.67%,1.60%,3.27%,23.82%,,95.92%,40.92%,37.89%,106.67%,,,,,,,,,,,,,,,,,,,,,,,,,,,,,,,,,,,,,,,,,,,,,,,,,,,,,,,,,,,,,,,,,,,,,,,,,,,,,,,,,,,,,,,,,,,,,,,,,,,,,,,,,,,,,,,,,,,,,,,,,,,,,,,,,,,,,,,,,,,,,,,,,,,,,,,,,,,,,,,,,,,,,
2012,British Columbia,9669,5013,165,289,2427,51.85%,1.71%,2.99%,25.10%,,96.25%,43.73%,34.65%,112.40%,,,,,,,,,,,,,,,,,,,,,,,,,,,,,,,,,,,,,,,,,,,,,,,,,,,,,,,,,,,,,,,,,,,,,,,,,,,,,,,,,,,,,,,,,,,,,,,,,,,,,,,,,,,,,,,,,,,,,,,,,,,,,,,,,,,,,,,,,,,,,,,,,,,,,,,,,,,,,,,,,,,,,
2013,British Columbia,9768,4999,183,304,2508,51.18%,1.87%,3.11%,25.68%,,95.01%,47.83%,36.04%,115.00%,,,,,,,,,,,,,,,,,,,,,,,,,,,,,,,,,,,,,,,,,,,,,,,,,,,,,,,,,,,,,,,,,,,,,,,,,,,,,,,,,,,,,,,,,,,,,,,,,,,,,,,,,,,,,,,,,,,,,,,,,,,,,,,,,,,,,,,,,,,,,,,,,,,,,,,,,,,,,,,,,,,,,
2014,British Columbia,7059,3476,132,232,1818,49.24%,1.87%,3.29%,25.75%,,91.41%,47.83%,38.12%,115.32%,,,,,,,,,,,,,,,,,,,,,,,,,,,,,,,,,,,,,,,,,,,,,,,,,,,,,,,,,,,,,,,,,,,,,,,,,,,,,,,,,,,,,,,,,,,,,,,,,,,,,,,,,,,,,,,,,,,,,,,,,,,,,,,,,,,,,,,,,,,,,,,,,,,,,,,,,,,,,,,,,,,,,
2015,British Columbia,8143,3975,157,298,2171,48.81%,1.93%,3.66%,26.66%,,90.61%,49.36%,42.41%,119.39%,,,,,,,,,,,,,,,,,,,,,,,,,,,,,,,,,,,,,,,,,,,,,,,,,,,,,,,,,,,,,,,,,,,,,,,,,,,,,,,,,,,,,,,,,,,,,,,,,,,,,,,,,,,,,,,,,,,,,,,,,,,,,,,,,,,,,,,,,,,,,,,,,,,,,,,,,,,,,,,,,,,,,
2016,British Columbia,7934,3770,187,373,2235,47.52%,2.36%,4.70%,28.17%,,88.21%,60.36%,54.46%,126.15%,,,,,,,,,,,,,,,,,,,,,,,,,,,,,,,,,,,,,,,,,,,,,,,,,,,,,,,,,,,,,,,,,,,,,,,,,,,,,,,,,,,,,,,,,,,,,,,,,,,,,,,,,,,,,,,,,,,,,,,,,,,,,,,,,,,,,,,,,,,,,,,,,,,,,,,,,,,,,,,,,,,,,
2017,British Columbia,8316,3902,187,371,2445,46.92%,2.25%,4.46%,29.40%,,87.10%,57.54%,51.68%,131.66%,,,,,,,,,,,,,,,,,,,,,,,,,,,,,,,,,,,,,,,,,,,,,,,,,,,,,,,,,,,,,,,,,,,,,,,,,,,,,,,,,,,,,,,,,,,,,,,,,,,,,,,,,,,,,,,,,,,,,,,,,,,,,,,,,,,,,,,,,,,,,,,,,,,,,,,,,,,,,,,,,,,,,
2018,British Columbia,8756,4019,174,378,2529,45.90%,1.99%,4.32%,28.88%,,85.21%,50.90%,50.06%,129.33%,,,,,,,,,,,,,,,,,,,,,,,,,,,,,,,,,,,,,,,,,,,,,,,,,,,,,,,,,,,,,,,,,,,,,,,,,,,,,,,,,,,,,,,,,,,,,,,,,,,,,,,,,,,,,,,,,,,,,,,,,,,,,,,,,,,,,,,,,,,,,,,,,,,,,,,,,,,,,,,,,,,,,
2019,British Columbia,8806,4010,181,396,2574,45.54%,2.06%,4.50%,29.23%,,84.54%,52.69%,52.14%,130.90%,,,,,,,,,,,,,,,,,,,,,,,,,,,,,,,,,,,,,,,,,,,,,,,,,,,,,,,,,,,,,,,,,,,,,,,,,,,,,,,,,,,,,,,,,,,,,,,,,,,,,,,,,,,,,,,,,,,,,,,,,,,,,,,,,,,,,,,,,,,,,,,,,,,,,,,,,,,,,,,,,,,,,
1997,Manitoba,3658,1796,85,106,110,49.10%,2.32%,2.90%,3.01%,,95.34%,23.63%,37.42%,41.52%,,,,,,,,,,,,,,,,,,,,,,,,,,,,,,,,,,,,,,,,,,,,,,,,,,,,,,,,,,,,,,,,,,,,,,,,,,,,,,,,,,,,,,,,,,,,,,,,,,,,,,,,,,,,,,,,,,,,,,,,,,,,,,,,,,,,,,,,,,,,,,,,,,,,,,,,,,,,,,,,,,,,,
1998,Manitoba,3490,1768,87,98,116,50.66%,2.49%,2.81%,3.32%,,98.37%,25.36%,36.26%,45.79%,,,,,,,,,,,,,,,,,,,,,,,,,,,,,,,,,,,,,,,,,,,,,,,,,,,,,,,,,,,,,,,,,,,,,,,,,,,,,,,,,,,,,,,,,,,,,,,,,,,,,,,,,,,,,,,,,,,,,,,,,,,,,,,,,,,,,,,,,,,,,,,,,,,,,,,,,,,,,,,,,,,,,
1999,Manitoba,3503,1837,93,98,132,52.44%,2.65%,2.80%,3.77%,,101.83%,26.99%,36.13%,52.00%,,,,,,,,,,,,,,,,,,,,,,,,,,,,,,,,,,,,,,,,,,,,,,,,,,,,,,,,,,,,,,,,,,,,,,,,,,,,,,,,,,,,,,,,,,,,,,,,,,,,,,,,,,,,,,,,,,,,,,,,,,,,,,,,,,,,,,,,,,,,,,,,,,,,,,,,,,,,,,,,,,,,,
2000,Manitoba,3332,1714,93,100,129,51.44%,2.79%,3.00%,3.87%,,99.88%,28.41%,38.71%,53.38%,,,,,,,,,,,,,,,,,,,,,,,,,,,,,,,,,,,,,,,,,,,,,,,,,,,,,,,,,,,,,,,,,,,,,,,,,,,,,,,,,,,,,,,,,,,,,,,,,,,,,,,,,,,,,,,,,,,,,,,,,,,,,,,,,,,,,,,,,,,,,,,,,,,,,,,,,,,,,,,,,,,,,
2001,Manitoba,3224,1675,104,86,135,51.95%,3.23%,2.67%,4.19%,,100.87%,32.89%,34.45%,57.79%,,,,,,,,,,,,,,,,,,,,,,,,,,,,,,,,,,,,,,,,,,,,,,,,,,,,,,,,,,,,,,,,,,,,,,,,,,,,,,,,,,,,,,,,,,,,,,,,,,,,,,,,,,,,,,,,,,,,,,,,,,,,,,,,,,,,,,,,,,,,,,,,,,,,,,,,,,,,,,,,,,,,,
2002,Manitoba,3175,1574,116,90,137,49.57%,3.65%,2.83%,4.31%,,96.25%,37.17%,36.52%,59.45%,,,,,,,,,,,,,,,,,,,,,,,,,,,,,,,,,,,,,,,,,,,,,,,,,,,,,,,,,,,,,,,,,,,,,,,,,,,,,,,,,,,,,,,,,,,,,,,,,,,,,,,,,,,,,,,,,,,,,,,,,,,,,,,,,,,,,,,,,,,,,,,,,,,,,,,,,,,,,,,,,,,,,
2003,Manitoba,3050,1524,109,104,133,49.97%,3.57%,3.41%,4.36%,,97.03%,36.35%,44.00%,60.14%,,,,,,,,,,,,,,,,,,,,,,,,,,,,,,,,,,,,,,,,,,,,,,,,,,,,,,,,,,,,,,,,,,,,,,,,,,,,,,,,,,,,,,,,,,,,,,,,,,,,,,,,,,,,,,,,,,,,,,,,,,,,,,,,,,,,,,,,,,,,,,,,,,,,,,,,,,,,,,,,,,,,,
2004,Manitoba,3037,1525,123,99,134,50.21%,4.05%,3.26%,4.41%,,97.50%,41.24%,42.06%,60.83%,,,,,,,,,,,,,,,,,,,,,,,,,,,,,,,,,,,,,,,,,,,,,,,,,,,,,,,,,,,,,,,,,,,,,,,,,,,,,,,,,,,,,,,,,,,,,,,,,,,,,,,,,,,,,,,,,,,,,,,,,,,,,,,,,,,,,,,,,,,,,,,,,,,,,,,,,,,,,,,,,,,,,
2005,Manitoba,3335,1634,134,114,150,49.00%,4.02%,3.42%,4.50%,,95.15%,40.94%,44.13%,62.07%,,,,,,,,,,,,,,,,,,,,,,,,,,,,,,,,,,,,,,,,,,,,,,,,,,,,,,,,,,,,,,,,,,,,,,,,,,,,,,,,,,,,,,,,,,,,,,,,,,,,,,,,,,,,,,,,,,,,,,,,,,,,,,,,,,,,,,,,,,,,,,,,,,,,,,,,,,,,,,,,,,,,,
2006,Manitoba,3305,1655,139,107,176,50.08%,4.21%,3.24%,5.33%,,97.24%,42.87%,41.81%,73.52%,,,,,,,,,,,,,,,,,,,,,,,,,,,,,,,,,,,,,,,,,,,,,,,,,,,,,,,,,,,,,,,,,,,,,,,,,,,,,,,,,,,,,,,,,,,,,,,,,,,,,,,,,,,,,,,,,,,,,,,,,,,,,,,,,,,,,,,,,,,,,,,,,,,,,,,,,,,,,,,,,,,,,
2007,Manitoba,3261,1591,131,96,166,48.79%,4.02%,2.94%,5.09%,,94.74%,40.94%,37.94%,70.21%,,,,,,,,,,,,,,,,,,,,,,,,,,,,,,,,,,,,,,,,,,,,,,,,,,,,,,,,,,,,,,,,,,,,,,,,,,,,,,,,,,,,,,,,,,,,,,,,,,,,,,,,,,,,,,,,,,,,,,,,,,,,,,,,,,,,,,,,,,,,,,,,,,,,,,,,,,,,,,,,,,,,,
2008,Manitoba,3071,1449,134,83,169,47.18%,4.36%,2.70%,5.50%,,91.61%,44.40%,34.84%,75.86%,,,,,,,,,,,,,,,,,,,,,,,,,,,,,,,,,,,,,,,,,,,,,,,,,,,,,,,,,,,,,,,,,,,,,,,,,,,,,,,,,,,,,,,,,,,,,,,,,,,,,,,,,,,,,,,,,,,,,,,,,,,,,,,,,,,,,,,,,,,,,,,,,,,,,,,,,,,,,,,,,,,,,
2009,Manitoba,3022,1416,134,87,152,46.86%,4.43%,2.88%,5.03%,,90.99%,45.11%,37.16%,69.38%,,,,,,,,,,,,,,,,,,,,,,,,,,,,,,,,,,,,,,,,,,,,,,,,,,,,,,,,,,,,,,,,,,,,,,,,,,,,,,,,,,,,,,,,,,,,,,,,,,,,,,,,,,,,,,,,,,,,,,,,,,,,,,,,,,,,,,,,,,,,,,,,,,,,,,,,,,,,,,,,,,,,,
2010,Manitoba,3100,1465,148,91,174,47.26%,4.77%,2.94%,5.61%,,91.77%,48.57%,37.94%,77.38%,,,,,,,,,,,,,,,,,,,,,,,,,,,,,,,,,,,,,,,,,,,,,,,,,,,,,,,,,,,,,,,,,,,,,,,,,,,,,,,,,,,,,,,,,,,,,,,,,,,,,,,,,,,,,,,,,,,,,,,,,,,,,,,,,,,,,,,,,,,,,,,,,,,,,,,,,,,,,,,,,,,,,
2011,Manitoba,3139,1507,153,89,180,48.01%,4.87%,2.84%,5.73%,,93.22%,49.59%,36.65%,79.03%,,,,,,,,,,,,,,,,,,,,,,,,,,,,,,,,,,,,,,,,,,,,,,,,,,,,,,,,,,,,,,,,,,,,,,,,,,,,,,,,,,,,,,,,,,,,,,,,,,,,,,,,,,,,,,,,,,,,,,,,,,,,,,,,,,,,,,,,,,,,,,,,,,,,,,,,,,,,,,,,,,,,,
2012,Manitoba,3172,1535,164,96,204,48.39%,5.17%,3.03%,6.43%,,93.96%,52.65%,39.10%,88.69%,,,,,,,,,,,,,,,,,,,,,,,,,,,,,,,,,,,,,,,,,,,,,,,,,,,,,,,,,,,,,,,,,,,,,,,,,,,,,,,,,,,,,,,,,,,,,,,,,,,,,,,,,,,,,,,,,,,,,,,,,,,,,,,,,,,,,,,,,,,,,,,,,,,,,,,,,,,,,,,,,,,,,
2013,Manitoba,3082,1483,153,96,231,48.12%,4.96%,3.11%,7.50%,,93.44%,50.51%,40.13%,103.45%,,,,,,,,,,,,,,,,,,,,,,,,,,,,,,,,,,,,,,,,,,,,,,,,,,,,,,,,,,,,,,,,,,,,,,,,,,,,,,,,,,,,,,,,,,,,,,,,,,,,,,,,,,,,,,,,,,,,,,,,,,,,,,,,,,,,,,,,,,,,,,,,,,,,,,,,,,,,,,,,,,,,,
2014,Manitoba,2560,1102,102,81,176,43.05%,3.98%,3.16%,6.88%,,83.59%,40.53%,40.77%,94.90%,,,,,,,,,,,,,,,,,,,,,,,,,,,,,,,,,,,,,,,,,,,,,,,,,,,,,,,,,,,,,,,,,,,,,,,,,,,,,,,,,,,,,,,,,,,,,,,,,,,,,,,,,,,,,,,,,,,,,,,,,,,,,,,,,,,,,,,,,,,,,,,,,,,,,,,,,,,,,,,,,,,,,
2015,Manitoba,2582,1112,110,88,202,43.07%,4.26%,3.41%,7.82%,,83.63%,43.38%,44.00%,107.86%,,,,,,,,,,,,,,,,,,,,,,,,,,,,,,,,,,,,,,,,,,,,,,,,,,,,,,,,,,,,,,,,,,,,,,,,,,,,,,,,,,,,,,,,,,,,,,,,,,,,,,,,,,,,,,,,,,,,,,,,,,,,,,,,,,,,,,,,,,,,,,,,,,,,,,,,,,,,,,,,,,,,,
2016,Manitoba,2561,1074,98,73,224,41.94%,3.83%,2.85%,8.75%,,81.44%,39.00%,36.77%,120.69%,,,,,,,,,,,,,,,,,,,,,,,,,,,,,,,,,,,,,,,,,,,,,,,,,,,,,,,,,,,,,,,,,,,,,,,,,,,,,,,,,,,,,,,,,,,,,,,,,,,,,,,,,,,,,,,,,,,,,,,,,,,,,,,,,,,,,,,,,,,,,,,,,,,,,,,,,,,,,,,,,,,,,
2017,Manitoba,2668,1127,118,86,250,42.24%,4.42%,3.22%,9.37%,,82.02%,45.01%,41.55%,129.24%,,,,,,,,,,,,,,,,,,,,,,,,,,,,,,,,,,,,,,,,,,,,,,,,,,,,,,,,,,,,,,,,,,,,,,,,,,,,,,,,,,,,,,,,,,,,,,,,,,,,,,,,,,,,,,,,,,,,,,,,,,,,,,,,,,,,,,,,,,,,,,,,,,,,,,,,,,,,,,,,,,,,,
2018,Manitoba,2669,1096,143,87,250,41.06%,5.36%,3.26%,9.37%,,79.73%,54.58%,42.06%,129.24%,,,,,,,,,,,,,,,,,,,,,,,,,,,,,,,,,,,,,,,,,,,,,,,,,,,,,,,,,,,,,,,,,,,,,,,,,,,,,,,,,,,,,,,,,,,,,,,,,,,,,,,,,,,,,,,,,,,,,,,,,,,,,,,,,,,,,,,,,,,,,,,,,,,,,,,,,,,,,,,,,,,,,
2019,Manitoba,2669,1074,139,82,289,40.24%,5.21%,3.07%,10.83%,,78.14%,53.05%,39.61%,149.38%,,,,,,,,,,,,,,,,,,,,,,,,,,,,,,,,,,,,,,,,,,,,,,,,,,,,,,,,,,,,,,,,,,,,,,,,,,,,,,,,,,,,,,,,,,,,,,,,,,,,,,,,,,,,,,,,,,,,,,,,,,,,,,,,,,,,,,,,,,,,,,,,,,,,,,,,,,,,,,,,,,,,,
1997,New Brunswick,1911,991,10,32,35,51.86%,0.52%,1.67%,1.83%,,91.22%,18.98%,17.96%,110.91%,,,,,,,,,,,,,,,,,,,,,,,,,,,,,,,,,,,,,,,,,,,,,,,,,,,,,,,,,,,,,,,,,,,,,,,,,,,,,,,,,,,,,,,,,,,,,,,,,,,,,,,,,,,,,,,,,,,,,,,,,,,,,,,,,,,,,,,,,,,,,,,,,,,,,,,,,,,,,,,,,,,,,
1998,New Brunswick,1820,941,8,33,31,51.70%,0.44%,1.81%,1.70%,,90.94%,16.06%,19.46%,103.03%,,,,,,,,,,,,,,,,,,,,,,,,,,,,,,,,,,,,,,,,,,,,,,,,,,,,,,,,,,,,,,,,,,,,,,,,,,,,,,,,,,,,,,,,,,,,,,,,,,,,,,,,,,,,,,,,,,,,,,,,,,,,,,,,,,,,,,,,,,,,,,,,,,,,,,,,,,,,,,,,,,,,,
1999,New Brunswick,1749,947,7,40,28,54.15%,0.40%,2.29%,1.60%,,95.25%,14.60%,24.62%,96.97%,,,,,,,,,,,,,,,,,,,,,,,,,,,,,,,,,,,,,,,,,,,,,,,,,,,,,,,,,,,,,,,,,,,,,,,,,,,,,,,,,,,,,,,,,,,,,,,,,,,,,,,,,,,,,,,,,,,,,,,,,,,,,,,,,,,,,,,,,,,,,,,,,,,,,,,,,,,,,,,,,,,,,
2000,New Brunswick,1786,1037,11,53,21,58.06%,0.62%,2.97%,1.18%,,102.13%,22.63%,31.94%,71.52%,,,,,,,,,,,,,,,,,,,,,,,,,,,,,,,,,,,,,,,,,,,,,,,,,,,,,,,,,,,,,,,,,,,,,,,,,,,,,,,,,,,,,,,,,,,,,,,,,,,,,,,,,,,,,,,,,,,,,,,,,,,,,,,,,,,,,,,,,,,,,,,,,,,,,,,,,,,,,,,,,,,,,
2001,New Brunswick,1888,1107,8,52,19,58.63%,0.42%,2.75%,1.01%,,103.13%,15.33%,29.57%,61.21%,,,,,,,,,,,,,,,,,,,,,,,,,,,,,,,,,,,,,,,,,,,,,,,,,,,,,,,,,,,,,,,,,,,,,,,,,,,,,,,,,,,,,,,,,,,,,,,,,,,,,,,,,,,,,,,,,,,,,,,,,,,,,,,,,,,,,,,,,,,,,,,,,,,,,,,,,,,,,,,,,,,,,
2002,New Brunswick,2135,1262,8,50,39,59.11%,0.37%,2.34%,1.83%,,103.98%,13.50%,25.16%,110.91%,,,,,,,,,,,,,,,,,,,,,,,,,,,,,,,,,,,,,,,,,,,,,,,,,,,,,,,,,,,,,,,,,,,,,,,,,,,,,,,,,,,,,,,,,,,,,,,,,,,,,,,,,,,,,,,,,,,,,,,,,,,,,,,,,,,,,,,,,,,,,,,,,,,,,,,,,,,,,,,,,,,,,
2003,New Brunswick,2152,1296,12,48,38,60.22%,0.56%,2.23%,1.77%,,105.93%,20.44%,23.98%,107.27%,,,,,,,,,,,,,,,,,,,,,,,,,,,,,,,,,,,,,,,,,,,,,,,,,,,,,,,,,,,,,,,,,,,,,,,,,,,,,,,,,,,,,,,,,,,,,,,,,,,,,,,,,,,,,,,,,,,,,,,,,,,,,,,,,,,,,,,,,,,,,,,,,,,,,,,,,,,,,,,,,,,,,
2004,New Brunswick,2377,1461,20,80,76,61.46%,0.84%,3.37%,3.20%,,108.11%,30.66%,36.24%,193.94%,,,,,,,,,,,,,,,,,,,,,,,,,,,,,,,,,,,,,,,,,,,,,,,,,,,,,,,,,,,,,,,,,,,,,,,,,,,,,,,,,,,,,,,,,,,,,,,,,,,,,,,,,,,,,,,,,,,,,,,,,,,,,,,,,,,,,,,,,,,,,,,,,,,,,,,,,,,,,,,,,,,,,
2005,New Brunswick,2464,1497,19,81,79,60.75%,0.77%,3.29%,3.21%,,106.86%,28.10%,35.38%,194.55%,,,,,,,,,,,,,,,,,,,,,,,,,,,,,,,,,,,,,,,,,,,,,,,,,,,,,,,,,,,,,,,,,,,,,,,,,,,,,,,,,,,,,,,,,,,,,,,,,,,,,,,,,,,,,,,,,,,,,,,,,,,,,,,,,,,,,,,,,,,,,,,,,,,,,,,,,,,,,,,,,,,,,
2006,New Brunswick,2563,1556,23,81,69,60.71%,0.90%,3.16%,2.69%,,106.79%,32.85%,33.98%,163.03%,,,,,,,,,,,,,,,,,,,,,,,,,,,,,,,,,,,,,,,,,,,,,,,,,,,,,,,,,,,,,,,,,,,,,,,,,,,,,,,,,,,,,,,,,,,,,,,,,,,,,,,,,,,,,,,,,,,,,,,,,,,,,,,,,,,,,,,,,,,,,,,,,,,,,,,,,,,,,,,,,,,,,
2007,New Brunswick,2335,1392,22,75,70,59.61%,0.94%,3.21%,3.00%,,104.85%,34.31%,34.52%,181.82%,,,,,,,,,,,,,,,,,,,,,,,,,,,,,,,,,,,,,,,,,,,,,,,,,,,,,,,,,,,,,,,,,,,,,,,,,,,,,,,,,,,,,,,,,,,,,,,,,,,,,,,,,,,,,,,,,,,,,,,,,,,,,,,,,,,,,,,,,,,,,,,,,,,,,,,,,,,,,,,,,,,,,
2008,New Brunswick,2219,1295,26,67,75,58.36%,1.17%,3.02%,3.38%,,102.66%,42.70%,32.47%,204.85%,,,,,,,,,,,,,,,,,,,,,,,,,,,,,,,,,,,,,,,,,,,,,,,,,,,,,,,,,,,,,,,,,,,,,,,,,,,,,,,,,,,,,,,,,,,,,,,,,,,,,,,,,,,,,,,,,,,,,,,,,,,,,,,,,,,,,,,,,,,,,,,,,,,,,,,,,,,,,,,,,,,,,
2009,New Brunswick,2134,1262,21,76,55,59.14%,0.98%,3.56%,2.58%,,104.03%,35.77%,38.28%,156.36%,,,,,,,,,,,,,,,,,,,,,,,,,,,,,,,,,,,,,,,,,,,,,,,,,,,,,,,,,,,,,,,,,,,,,,,,,,,,,,,,,,,,,,,,,,,,,,,,,,,,,,,,,,,,,,,,,,,,,,,,,,,,,,,,,,,,,,,,,,,,,,,,,,,,,,,,,,,,,,,,,,,,,
2010,New Brunswick,2243,1327,23,88,64,59.16%,1.03%,3.92%,2.85%,,104.06%,37.59%,42.15%,172.73%,,,,,,,,,,,,,,,,,,,,,,,,,,,,,,,,,,,,,,,,,,,,,,,,,,,,,,,,,,,,,,,,,,,,,,,,,,,,,,,,,,,,,,,,,,,,,,,,,,,,,,,,,,,,,,,,,,,,,,,,,,,,,,,,,,,,,,,,,,,,,,,,,,,,,,,,,,,,,,,,,,,,,
2011,New Brunswick,2233,1296,21,81,71,58.04%,0.94%,3.63%,3.18%,,102.09%,34.31%,39.03%,192.73%,,,,,,,,,,,,,,,,,,,,,,,,,,,,,,,,,,,,,,,,,,,,,,,,,,,,,,,,,,,,,,,,,,,,,,,,,,,,,,,,,,,,,,,,,,,,,,,,,,,,,,,,,,,,,,,,,,,,,,,,,,,,,,,,,,,,,,,,,,,,,,,,,,,,,,,,,,,,,,,,,,,,,
2012,New Brunswick,2163,1226,23,75,65,56.68%,1.06%,3.47%,3.01%,,99.70%,38.69%,37.31%,182.42%,,,,,,,,,,,,,,,,,,,,,,,,,,,,,,,,,,,,,,,,,,,,,,,,,,,,,,,,,,,,,,,,,,,,,,,,,,,,,,,,,,,,,,,,,,,,,,,,,,,,,,,,,,,,,,,,,,,,,,,,,,,,,,,,,,,,,,,,,,,,,,,,,,,,,,,,,,,,,,,,,,,,,
2013,New Brunswick,2176,1239,19,69,92,56.94%,0.87%,3.17%,4.23%,,100.16%,31.75%,34.09%,256.36%,,,,,,,,,,,,,,,,,,,,,,,,,,,,,,,,,,,,,,,,,,,,,,,,,,,,,,,,,,,,,,,,,,,,,,,,,,,,,,,,,,,,,,,,,,,,,,,,,,,,,,,,,,,,,,,,,,,,,,,,,,,,,,,,,,,,,,,,,,,,,,,,,,,,,,,,,,,,,,,,,,,,,
2014,New Brunswick,1516,751,15,50,62,49.54%,0.99%,3.30%,4.09%,,87.14%,36.13%,35.48%,247.88%,,,,,,,,,,,,,,,,,,,,,,,,,,,,,,,,,,,,,,,,,,,,,,,,,,,,,,,,,,,,,,,,,,,,,,,,,,,,,,,,,,,,,,,,,,,,,,,,,,,,,,,,,,,,,,,,,,,,,,,,,,,,,,,,,,,,,,,,,,,,,,,,,,,,,,,,,,,,,,,,,,,,,
2015,New Brunswick,1529,799,20,56,71,52.26%,1.31%,3.66%,4.64%,,91.93%,47.81%,39.35%,281.21%,,,,,,,,,,,,,,,,,,,,,,,,,,,,,,,,,,,,,,,,,,,,,,,,,,,,,,,,,,,,,,,,,,,,,,,,,,,,,,,,,,,,,,,,,,,,,,,,,,,,,,,,,,,,,,,,,,,,,,,,,,,,,,,,,,,,,,,,,,,,,,,,,,,,,,,,,,,,,,,,,,,,,
2016,New Brunswick,1337,724,20,56,77,54.15%,1.50%,4.19%,5.76%,,95.25%,54.74%,45.05%,349.09%,,,,,,,,,,,,,,,,,,,,,,,,,,,,,,,,,,,,,,,,,,,,,,,,,,,,,,,,,,,,,,,,,,,,,,,,,,,,,,,,,,,,,,,,,,,,,,,,,,,,,,,,,,,,,,,,,,,,,,,,,,,,,,,,,,,,,,,,,,,,,,,,,,,,,,,,,,,,,,,,,,,,,
2017,New Brunswick,1322,700,16,54,87,52.95%,1.21%,4.08%,6.58%,,93.14%,44.16%,43.87%,398.79%,,,,,,,,,,,,,,,,,,,,,,,,,,,,,,,,,,,,,,,,,,,,,,,,,,,,,,,,,,,,,,,,,,,,,,,,,,,,,,,,,,,,,,,,,,,,,,,,,,,,,,,,,,,,,,,,,,,,,,,,,,,,,,,,,,,,,,,,,,,,,,,,,,,,,,,,,,,,,,,,,,,,,
2018,New Brunswick,1518,802,16,58,97,52.83%,1.05%,3.82%,6.39%,,92.93%,38.32%,41.08%,387.27%,,,,,,,,,,,,,,,,,,,,,,,,,,,,,,,,,,,,,,,,,,,,,,,,,,,,,,,,,,,,,,,,,,,,,,,,,,,,,,,,,,,,,,,,,,,,,,,,,,,,,,,,,,,,,,,,,,,,,,,,,,,,,,,,,,,,,,,,,,,,,,,,,,,,,,,,,,,,,,,,,,,,,
2019,New Brunswick,1669,873,22,75,178,52.31%,1.32%,4.49%,10.67%,,92.01%,48.18%,48.28%,646.67%,,,,,,,,,,,,,,,,,,,,,,,,,,,,,,,,,,,,,,,,,,,,,,,,,,,,,,,,,,,,,,,,,,,,,,,,,,,,,,,,,,,,,,,,,,,,,,,,,,,,,,,,,,,,,,,,,,,,,,,,,,,,,,,,,,,,,,,,,,,,,,,,,,,,,,,,,,,,,,,,,,,,,
1997,Newfoundland and Labrador,991,625,18,21,12,63.07%,1.82%,2.12%,1.21%,,108.40%,24.80%,33.28%,106.14%,,,,,,,,,,,,,,,,,,,,,,,,,,,,,,,,,,,,,,,,,,,,,,,,,,,,,,,,,,,,,,,,,,,,,,,,,,,,,,,,,,,,,,,,,,,,,,,,,,,,,,,,,,,,,,,,,,,,,,,,,,,,,,,,,,,,,,,,,,,,,,,,,,,,,,,,,,,,,,,,,,,,,
1998,Newfoundland and Labrador,1045,652,18,15,9,62.39%,1.72%,1.44%,0.86%,,107.24%,23.43%,22.61%,75.44%,,,,,,,,,,,,,,,,,,,,,,,,,,,,,,,,,,,,,,,,,,,,,,,,,,,,,,,,,,,,,,,,,,,,,,,,,,,,,,,,,,,,,,,,,,,,,,,,,,,,,,,,,,,,,,,,,,,,,,,,,,,,,,,,,,,,,,,,,,,,,,,,,,,,,,,,,,,,,,,,,,,,,
1999,Newfoundland and Labrador,1072,680,19,17,9,63.43%,1.77%,1.59%,0.84%,,109.02%,24.11%,24.96%,73.68%,,,,,,,,,,,,,,,,,,,,,,,,,,,,,,,,,,,,,,,,,,,,,,,,,,,,,,,,,,,,,,,,,,,,,,,,,,,,,,,,,,,,,,,,,,,,,,,,,,,,,,,,,,,,,,,,,,,,,,,,,,,,,,,,,,,,,,,,,,,,,,,,,,,,,,,,,,,,,,,,,,,,,
2000,Newfoundland and Labrador,1188,700,23,18,10,58.92%,1.94%,1.52%,0.84%,,101.27%,26.43%,23.86%,73.68%,,,,,,,,,,,,,,,,,,,,,,,,,,,,,,,,,,,,,,,,,,,,,,,,,,,,,,,,,,,,,,,,,,,,,,,,,,,,,,,,,,,,,,,,,,,,,,,,,,,,,,,,,,,,,,,,,,,,,,,,,,,,,,,,,,,,,,,,,,,,,,,,,,,,,,,,,,,,,,,,,,,,,
2001,Newfoundland and Labrador,1245,742,27,27,9,59.60%,2.17%,2.17%,0.72%,,102.44%,29.56%,34.07%,63.16%,,,,,,,,,,,,,,,,,,,,,,,,,,,,,,,,,,,,,,,,,,,,,,,,,,,,,,,,,,,,,,,,,,,,,,,,,,,,,,,,,,,,,,,,,,,,,,,,,,,,,,,,,,,,,,,,,,,,,,,,,,,,,,,,,,,,,,,,,,,,,,,,,,,,,,,,,,,,,,,,,,,,,
2002,Newfoundland and Labrador,1224,734,29,27,9,59.97%,2.37%,2.21%,0.74%,,103.08%,32.29%,34.69%,64.91%,,,,,,,,,,,,,,,,,,,,,,,,,,,,,,,,,,,,,,,,,,,,,,,,,,,,,,,,,,,,,,,,,,,,,,,,,,,,,,,,,,,,,,,,,,,,,,,,,,,,,,,,,,,,,,,,,,,,,,,,,,,,,,,,,,,,,,,,,,,,,,,,,,,,,,,,,,,,,,,,,,,,,
2003,Newfoundland and Labrador,1232,755,31,23,8,61.28%,2.52%,1.87%,0.65%,,105.33%,34.33%,29.36%,57.02%,,,,,,,,,,,,,,,,,,,,,,,,,,,,,,,,,,,,,,,,,,,,,,,,,,,,,,,,,,,,,,,,,,,,,,,,,,,,,,,,,,,,,,,,,,,,,,,,,,,,,,,,,,,,,,,,,,,,,,,,,,,,,,,,,,,,,,,,,,,,,,,,,,,,,,,,,,,,,,,,,,,,,
2004,Newfoundland and Labrador,1211,748,36,25,11,61.77%,2.97%,2.06%,0.91%,,106.17%,40.46%,32.34%,79.82%,,,,,,,,,,,,,,,,,,,,,,,,,,,,,,,,,,,,,,,,,,,,,,,,,,,,,,,,,,,,,,,,,,,,,,,,,,,,,,,,,,,,,,,,,,,,,,,,,,,,,,,,,,,,,,,,,,,,,,,,,,,,,,,,,,,,,,,,,,,,,,,,,,,,,,,,,,,,,,,,,,,,,
2005,Newfoundland and Labrador,1277,782,36,29,11,61.24%,2.82%,2.27%,0.86%,,105.26%,38.42%,35.64%,75.44%,,,,,,,,,,,,,,,,,,,,,,,,,,,,,,,,,,,,,,,,,,,,,,,,,,,,,,,,,,,,,,,,,,,,,,,,,,,,,,,,,,,,,,,,,,,,,,,,,,,,,,,,,,,,,,,,,,,,,,,,,,,,,,,,,,,,,,,,,,,,,,,,,,,,,,,,,,,,,,,,,,,,,
2006,Newfoundland and Labrador,1324,816,37,27,12,61.63%,2.79%,2.04%,0.91%,,105.93%,38.01%,32.03%,79.82%,,,,,,,,,,,,,,,,,,,,,,,,,,,,,,,,,,,,,,,,,,,,,,,,,,,,,,,,,,,,,,,,,,,,,,,,,,,,,,,,,,,,,,,,,,,,,,,,,,,,,,,,,,,,,,,,,,,,,,,,,,,,,,,,,,,,,,,,,,,,,,,,,,,,,,,,,,,,,,,,,,,,,
2007,Newfoundland and Labrador,1292,802,38,31,12,62.07%,2.94%,2.40%,0.93%,,106.69%,40.05%,37.68%,81.58%,,,,,,,,,,,,,,,,,,,,,,,,,,,,,,,,,,,,,,,,,,,,,,,,,,,,,,,,,,,,,,,,,,,,,,,,,,,,,,,,,,,,,,,,,,,,,,,,,,,,,,,,,,,,,,,,,,,,,,,,,,,,,,,,,,,,,,,,,,,,,,,,,,,,,,,,,,,,,,,,,,,,,
2008,Newfoundland and Labrador,1153,720,35,27,13,62.45%,3.04%,2.34%,1.13%,,107.34%,41.42%,36.73%,99.12%,,,,,,,,,,,,,,,,,,,,,,,,,,,,,,,,,,,,,,,,,,,,,,,,,,,,,,,,,,,,,,,,,,,,,,,,,,,,,,,,,,,,,,,,,,,,,,,,,,,,,,,,,,,,,,,,,,,,,,,,,,,,,,,,,,,,,,,,,,,,,,,,,,,,,,,,,,,,,,,,,,,,,
2009,Newfoundland and Labrador,1151,719,31,27,15,62.47%,2.69%,2.35%,1.30%,,107.37%,36.65%,36.89%,114.04%,,,,,,,,,,,,,,,,,,,,,,,,,,,,,,,,,,,,,,,,,,,,,,,,,,,,,,,,,,,,,,,,,,,,,,,,,,,,,,,,,,,,,,,,,,,,,,,,,,,,,,,,,,,,,,,,,,,,,,,,,,,,,,,,,,,,,,,,,,,,,,,,,,,,,,,,,,,,,,,,,,,,,
2010,Newfoundland and Labrador,1275,780,34,30,18,61.18%,2.67%,2.35%,1.41%,,105.16%,36.38%,36.89%,123.68%,,,,,,,,,,,,,,,,,,,,,,,,,,,,,,,,,,,,,,,,,,,,,,,,,,,,,,,,,,,,,,,,,,,,,,,,,,,,,,,,,,,,,,,,,,,,,,,,,,,,,,,,,,,,,,,,,,,,,,,,,,,,,,,,,,,,,,,,,,,,,,,,,,,,,,,,,,,,,,,,,,,,,
2011,Newfoundland and Labrador,1256,759,37,28,15,60.43%,2.95%,2.23%,1.19%,,103.87%,40.19%,35.01%,104.39%,,,,,,,,,,,,,,,,,,,,,,,,,,,,,,,,,,,,,,,,,,,,,,,,,,,,,,,,,,,,,,,,,,,,,,,,,,,,,,,,,,,,,,,,,,,,,,,,,,,,,,,,,,,,,,,,,,,,,,,,,,,,,,,,,,,,,,,,,,,,,,,,,,,,,,,,,,,,,,,,,,,,,
2012,Newfoundland and Labrador,1290,807,40,27,11,62.56%,3.10%,2.09%,0.85%,,107.53%,42.23%,32.81%,74.56%,,,,,,,,,,,,,,,,,,,,,,,,,,,,,,,,,,,,,,,,,,,,,,,,,,,,,,,,,,,,,,,,,,,,,,,,,,,,,,,,,,,,,,,,,,,,,,,,,,,,,,,,,,,,,,,,,,,,,,,,,,,,,,,,,,,,,,,,,,,,,,,,,,,,,,,,,,,,,,,,,,,,,
2013,Newfoundland and Labrador,1272,781,53,34,15,61.40%,4.17%,2.67%,1.18%,,105.53%,56.81%,41.92%,103.51%,,,,,,,,,,,,,,,,,,,,,,,,,,,,,,,,,,,,,,,,,,,,,,,,,,,,,,,,,,,,,,,,,,,,,,,,,,,,,,,,,,,,,,,,,,,,,,,,,,,,,,,,,,,,,,,,,,,,,,,,,,,,,,,,,,,,,,,,,,,,,,,,,,,,,,,,,,,,,,,,,,,,,
2014,Newfoundland and Labrador,839,438,35,24,15,52.21%,4.17%,2.86%,1.79%,,89.74%,56.81%,44.90%,157.02%,,,,,,,,,,,,,,,,,,,,,,,,,,,,,,,,,,,,,,,,,,,,,,,,,,,,,,,,,,,,,,,,,,,,,,,,,,,,,,,,,,,,,,,,,,,,,,,,,,,,,,,,,,,,,,,,,,,,,,,,,,,,,,,,,,,,,,,,,,,,,,,,,,,,,,,,,,,,,,,,,,,,,
2015,Newfoundland and Labrador,830,454,42,39,16,54.70%,5.06%,4.70%,1.93%,,94.02%,68.94%,73.78%,169.30%,,,,,,,,,,,,,,,,,,,,,,,,,,,,,,,,,,,,,,,,,,,,,,,,,,,,,,,,,,,,,,,,,,,,,,,,,,,,,,,,,,,,,,,,,,,,,,,,,,,,,,,,,,,,,,,,,,,,,,,,,,,,,,,,,,,,,,,,,,,,,,,,,,,,,,,,,,,,,,,,,,,,,
2016,Newfoundland and Labrador,714,388,45,30,8,54.34%,6.30%,4.20%,1.12%,,93.40%,85.83%,65.93%,98.25%,,,,,,,,,,,,,,,,,,,,,,,,,,,,,,,,,,,,,,,,,,,,,,,,,,,,,,,,,,,,,,,,,,,,,,,,,,,,,,,,,,,,,,,,,,,,,,,,,,,,,,,,,,,,,,,,,,,,,,,,,,,,,,,,,,,,,,,,,,,,,,,,,,,,,,,,,,,,,,,,,,,,,
2017,Newfoundland and Labrador,722,353,45,24,9,48.89%,6.23%,3.32%,1.25%,,84.03%,84.88%,52.12%,109.65%,,,,,,,,,,,,,,,,,,,,,,,,,,,,,,,,,,,,,,,,,,,,,,,,,,,,,,,,,,,,,,,,,,,,,,,,,,,,,,,,,,,,,,,,,,,,,,,,,,,,,,,,,,,,,,,,,,,,,,,,,,,,,,,,,,,,,,,,,,,,,,,,,,,,,,,,,,,,,,,,,,,,,
2018,Newfoundland and Labrador,753,345,47,28,14,45.82%,6.24%,3.72%,1.86%,,78.76%,85.01%,58.40%,163.16%,,,,,,,,,,,,,,,,,,,,,,,,,,,,,,,,,,,,,,,,,,,,,,,,,,,,,,,,,,,,,,,,,,,,,,,,,,,,,,,,,,,,,,,,,,,,,,,,,,,,,,,,,,,,,,,,,,,,,,,,,,,,,,,,,,,,,,,,,,,,,,,,,,,,,,,,,,,,,,,,,,,,,
2019,Newfoundland and Labrador,730,350,46,28,18,47.95%,6.30%,3.84%,2.47%,,82.42%,85.83%,60.28%,216.67%,,,,,,,,,,,,,,,,,,,,,,,,,,,,,,,,,,,,,,,,,,,,,,,,,,,,,,,,,,,,,,,,,,,,,,,,,,,,,,,,,,,,,,,,,,,,,,,,,,,,,,,,,,,,,,,,,,,,,,,,,,,,,,,,,,,,,,,,,,,,,,,,,,,,,,,,,,,,,,,,,,,,,
1997,Northwest Territories,103,30,15,1,2,29.13%,14.56%,0.97%,1.94%,,51.64%,42.94%,12.75%,27.87%,,,,,,,,,,,,,,,,,,,,,,,,,,,,,,,,,,,,,,,,,,,,,,,,,,,,,,,,,,,,,,,,,,,,,,,,,,,,,,,,,,,,,,,,,,,,,,,,,,,,,,,,,,,,,,,,,,,,,,,,,,,,,,,,,,,,,,,,,,,,,,,,,,,,,,,,,,,,,,,,,,,,,
1998,Northwest Territories,115,32,15,2,2,27.83%,13.04%,1.74%,1.74%,,49.34%,38.45%,22.86%,25.00%,,,,,,,,,,,,,,,,,,,,,,,,,,,,,,,,,,,,,,,,,,,,,,,,,,,,,,,,,,,,,,,,,,,,,,,,,,,,,,,,,,,,,,,,,,,,,,,,,,,,,,,,,,,,,,,,,,,,,,,,,,,,,,,,,,,,,,,,,,,,,,,,,,,,,,,,,,,,,,,,,,,,,
1999,Northwest Territories,76,20,8,2,2,26.32%,10.53%,2.63%,2.63%,,46.66%,31.05%,34.56%,37.79%,,,,,,,,,,,,,,,,,,,,,,,,,,,,,,,,,,,,,,,,,,,,,,,,,,,,,,,,,,,,,,,,,,,,,,,,,,,,,,,,,,,,,,,,,,,,,,,,,,,,,,,,,,,,,,,,,,,,,,,,,,,,,,,,,,,,,,,,,,,,,,,,,,,,,,,,,,,,,,,,,,,,,
2000,Northwest Territories,84,20,10,3,1,23.81%,11.90%,3.57%,1.19%,,42.21%,35.09%,46.91%,17.10%,,,,,,,,,,,,,,,,,,,,,,,,,,,,,,,,,,,,,,,,,,,,,,,,,,,,,,,,,,,,,,,,,,,,,,,,,,,,,,,,,,,,,,,,,,,,,,,,,,,,,,,,,,,,,,,,,,,,,,,,,,,,,,,,,,,,,,,,,,,,,,,,,,,,,,,,,,,,,,,,,,,,,
2001,Northwest Territories,87,18,10,2,0,20.69%,11.49%,2.30%,0.00%,,36.68%,33.88%,30.22%,0.00%,,,,,,,,,,,,,,,,,,,,,,,,,,,,,,,,,,,,,,,,,,,,,,,,,,,,,,,,,,,,,,,,,,,,,,,,,,,,,,,,,,,,,,,,,,,,,,,,,,,,,,,,,,,,,,,,,,,,,,,,,,,,,,,,,,,,,,,,,,,,,,,,,,,,,,,,,,,,,,,,,,,,,
2002,Northwest Territories,81,14,10,1,0,17.28%,12.35%,1.23%,0.00%,,30.63%,36.42%,16.16%,0.00%,,,,,,,,,,,,,,,,,,,,,,,,,,,,,,,,,,,,,,,,,,,,,,,,,,,,,,,,,,,,,,,,,,,,,,,,,,,,,,,,,,,,,,,,,,,,,,,,,,,,,,,,,,,,,,,,,,,,,,,,,,,,,,,,,,,,,,,,,,,,,,,,,,,,,,,,,,,,,,,,,,,,,
2003,Northwest Territories,107,24,16,3,5,22.43%,14.95%,2.80%,4.67%,,39.76%,44.09%,36.79%,67.10%,,,,,,,,,,,,,,,,,,,,,,,,,,,,,,,,,,,,,,,,,,,,,,,,,,,,,,,,,,,,,,,,,,,,,,,,,,,,,,,,,,,,,,,,,,,,,,,,,,,,,,,,,,,,,,,,,,,,,,,,,,,,,,,,,,,,,,,,,,,,,,,,,,,,,,,,,,,,,,,,,,,,,
2004,Northwest Territories,114,31,17,4,3,27.19%,14.91%,3.51%,2.63%,,48.20%,43.97%,46.12%,37.79%,,,,,,,,,,,,,,,,,,,,,,,,,,,,,,,,,,,,,,,,,,,,,,,,,,,,,,,,,,,,,,,,,,,,,,,,,,,,,,,,,,,,,,,,,,,,,,,,,,,,,,,,,,,,,,,,,,,,,,,,,,,,,,,,,,,,,,,,,,,,,,,,,,,,,,,,,,,,,,,,,,,,,
2005,Northwest Territories,134,37,18,2,5,27.61%,13.43%,1.49%,3.73%,,48.95%,39.60%,19.58%,53.59%,,,,,,,,,,,,,,,,,,,,,,,,,,,,,,,,,,,,,,,,,,,,,,,,,,,,,,,,,,,,,,,,,,,,,,,,,,,,,,,,,,,,,,,,,,,,,,,,,,,,,,,,,,,,,,,,,,,,,,,,,,,,,,,,,,,,,,,,,,,,,,,,,,,,,,,,,,,,,,,,,,,,,
2006,Northwest Territories,105,31,16,2,3,29.52%,15.24%,1.90%,2.86%,,52.33%,44.94%,24.97%,41.09%,,,,,,,,,,,,,,,,,,,,,,,,,,,,,,,,,,,,,,,,,,,,,,,,,,,,,,,,,,,,,,,,,,,,,,,,,,,,,,,,,,,,,,,,,,,,,,,,,,,,,,,,,,,,,,,,,,,,,,,,,,,,,,,,,,,,,,,,,,,,,,,,,,,,,,,,,,,,,,,,,,,,,
2007,Northwest Territories,130,36,33,1,3,27.69%,25.38%,0.77%,2.31%,,49.09%,74.85%,10.12%,33.19%,,,,,,,,,,,,,,,,,,,,,,,,,,,,,,,,,,,,,,,,,,,,,,,,,,,,,,,,,,,,,,,,,,,,,,,,,,,,,,,,,,,,,,,,,,,,,,,,,,,,,,,,,,,,,,,,,,,,,,,,,,,,,,,,,,,,,,,,,,,,,,,,,,,,,,,,,,,,,,,,,,,,,
2008,Northwest Territories,146,49,20,3,9,33.56%,13.70%,2.05%,6.16%,,59.49%,40.40%,26.94%,88.51%,,,,,,,,,,,,,,,,,,,,,,,,,,,,,,,,,,,,,,,,,,,,,,,,,,,,,,,,,,,,,,,,,,,,,,,,,,,,,,,,,,,,,,,,,,,,,,,,,,,,,,,,,,,,,,,,,,,,,,,,,,,,,,,,,,,,,,,,,,,,,,,,,,,,,,,,,,,,,,,,,,,,,
2009,Northwest Territories,136,39,8,2,11,28.68%,5.88%,1.47%,8.09%,,50.84%,17.34%,19.32%,116.24%,,,,,,,,,,,,,,,,,,,,,,,,,,,,,,,,,,,,,,,,,,,,,,,,,,,,,,,,,,,,,,,,,,,,,,,,,,,,,,,,,,,,,,,,,,,,,,,,,,,,,,,,,,,,,,,,,,,,,,,,,,,,,,,,,,,,,,,,,,,,,,,,,,,,,,,,,,,,,,,,,,,,,
2010,Northwest Territories,126,28,8,4,11,22.22%,6.35%,3.17%,8.73%,,39.39%,18.73%,41.66%,125.43%,,,,,,,,,,,,,,,,,,,,,,,,,,,,,,,,,,,,,,,,,,,,,,,,,,,,,,,,,,,,,,,,,,,,,,,,,,,,,,,,,,,,,,,,,,,,,,,,,,,,,,,,,,,,,,,,,,,,,,,,,,,,,,,,,,,,,,,,,,,,,,,,,,,,,,,,,,,,,,,,,,,,,
2011,Northwest Territories,117,31,5,2,9,26.50%,4.27%,1.71%,7.69%,,46.98%,12.59%,22.47%,110.49%,,,,,,,,,,,,,,,,,,,,,,,,,,,,,,,,,,,,,,,,,,,,,,,,,,,,,,,,,,,,,,,,,,,,,,,,,,,,,,,,,,,,,,,,,,,,,,,,,,,,,,,,,,,,,,,,,,,,,,,,,,,,,,,,,,,,,,,,,,,,,,,,,,,,,,,,,,,,,,,,,,,,,
2012,Northwest Territories,119,35,6,2,7,29.41%,5.04%,1.68%,5.88%,,52.14%,14.86%,22.08%,84.48%,,,,,,,,,,,,,,,,,,,,,,,,,,,,,,,,,,,,,,,,,,,,,,,,,,,,,,,,,,,,,,,,,,,,,,,,,,,,,,,,,,,,,,,,,,,,,,,,,,,,,,,,,,,,,,,,,,,,,,,,,,,,,,,,,,,,,,,,,,,,,,,,,,,,,,,,,,,,,,,,,,,,,
2013,Northwest Territories,102,27,4,2,7,26.47%,3.92%,1.96%,6.86%,,46.92%,11.56%,25.76%,98.56%,,,,,,,,,,,,,,,,,,,,,,,,,,,,,,,,,,,,,,,,,,,,,,,,,,,,,,,,,,,,,,,,,,,,,,,,,,,,,,,,,,,,,,,,,,,,,,,,,,,,,,,,,,,,,,,,,,,,,,,,,,,,,,,,,,,,,,,,,,,,,,,,,,,,,,,,,,,,,,,,,,,,,
2014,Northwest Territories,85,17,4,1,3,20.00%,4.71%,1.18%,3.53%,,35.45%,13.89%,15.51%,50.72%,,,,,,,,,,,,,,,,,,,,,,,,,,,,,,,,,,,,,,,,,,,,,,,,,,,,,,,,,,,,,,,,,,,,,,,,,,,,,,,,,,,,,,,,,,,,,,,,,,,,,,,,,,,,,,,,,,,,,,,,,,,,,,,,,,,,,,,,,,,,,,,,,,,,,,,,,,,,,,,,,,,,,
2015,Northwest Territories,61,14,2,0,5,22.95%,3.28%,0.00%,8.20%,,40.68%,9.67%,0.00%,117.82%,,,,,,,,,,,,,,,,,,,,,,,,,,,,,,,,,,,,,,,,,,,,,,,,,,,,,,,,,,,,,,,,,,,,,,,,,,,,,,,,,,,,,,,,,,,,,,,,,,,,,,,,,,,,,,,,,,,,,,,,,,,,,,,,,,,,,,,,,,,,,,,,,,,,,,,,,,,,,,,,,,,,,
2016,Northwest Territories,34,7,0,0,2,20.59%,0.00%,0.00%,5.88%,,36.50%,0.00%,0.00%,84.48%,,,,,,,,,,,,,,,,,,,,,,,,,,,,,,,,,,,,,,,,,,,,,,,,,,,,,,,,,,,,,,,,,,,,,,,,,,,,,,,,,,,,,,,,,,,,,,,,,,,,,,,,,,,,,,,,,,,,,,,,,,,,,,,,,,,,,,,,,,,,,,,,,,,,,,,,,,,,,,,,,,,,,
2017,Northwest Territories,42,9,2,0,5,21.43%,4.76%,0.00%,11.90%,,37.99%,14.04%,0.00%,170.98%,,,,,,,,,,,,,,,,,,,,,,,,,,,,,,,,,,,,,,,,,,,,,,,,,,,,,,,,,,,,,,,,,,,,,,,,,,,,,,,,,,,,,,,,,,,,,,,,,,,,,,,,,,,,,,,,,,,,,,,,,,,,,,,,,,,,,,,,,,,,,,,,,,,,,,,,,,,,,,,,,,,,,
2018,Northwest Territories,59,17,4,0,9,28.81%,6.78%,0.00%,15.25%,,51.07%,19.99%,0.00%,219.11%,,,,,,,,,,,,,,,,,,,,,,,,,,,,,,,,,,,,,,,,,,,,,,,,,,,,,,,,,,,,,,,,,,,,,,,,,,,,,,,,,,,,,,,,,,,,,,,,,,,,,,,,,,,,,,,,,,,,,,,,,,,,,,,,,,,,,,,,,,,,,,,,,,,,,,,,,,,,,,,,,,,,,
2019,Northwest Territories,60,17,3,0,10,28.33%,5.00%,0.00%,16.67%,,50.22%,14.74%,0.00%,239.51%,,,,,,,,,,,,,,,,,,,,,,,,,,,,,,,,,,,,,,,,,,,,,,,,,,,,,,,,,,,,,,,,,,,,,,,,,,,,,,,,,,,,,,,,,,,,,,,,,,,,,,,,,,,,,,,,,,,,,,,,,,,,,,,,,,,,,,,,,,,,,,,,,,,,,,,,,,,,,,,,,,,,,
1997,Nova Scotia,2605,1452,14,62,68,55.74%,0.54%,2.38%,2.61%,,98.67%,12.80%,29.02%,74.57%,,,,,,,,,,,,,,,,,,,,,,,,,,,,,,,,,,,,,,,,,,,,,,,,,,,,,,,,,,,,,,,,,,,,,,,,,,,,,,,,,,,,,,,,,,,,,,,,,,,,,,,,,,,,,,,,,,,,,,,,,,,,,,,,,,,,,,,,,,,,,,,,,,,,,,,,,,,,,,,,,,,,,
1998,Nova Scotia,2662,1550,15,63,74,58.23%,0.56%,2.37%,2.78%,,103.08%,13.27%,28.90%,79.43%,,,,,,,,,,,,,,,,,,,,,,,,,,,,,,,,,,,,,,,,,,,,,,,,,,,,,,,,,,,,,,,,,,,,,,,,,,,,,,,,,,,,,,,,,,,,,,,,,,,,,,,,,,,,,,,,,,,,,,,,,,,,,,,,,,,,,,,,,,,,,,,,,,,,,,,,,,,,,,,,,,,,,
1999,Nova Scotia,2549,1562,17,65,65,61.28%,0.67%,2.55%,2.55%,,108.48%,15.88%,31.10%,72.86%,,,,,,,,,,,,,,,,,,,,,,,,,,,,,,,,,,,,,,,,,,,,,,,,,,,,,,,,,,,,,,,,,,,,,,,,,,,,,,,,,,,,,,,,,,,,,,,,,,,,,,,,,,,,,,,,,,,,,,,,,,,,,,,,,,,,,,,,,,,,,,,,,,,,,,,,,,,,,,,,,,,,,
2000,Nova Scotia,2618,1541,11,75,70,58.86%,0.42%,2.86%,2.67%,,104.20%,9.95%,34.88%,76.29%,,,,,,,,,,,,,,,,,,,,,,,,,,,,,,,,,,,,,,,,,,,,,,,,,,,,,,,,,,,,,,,,,,,,,,,,,,,,,,,,,,,,,,,,,,,,,,,,,,,,,,,,,,,,,,,,,,,,,,,,,,,,,,,,,,,,,,,,,,,,,,,,,,,,,,,,,,,,,,,,,,,,,
2001,Nova Scotia,2587,1524,12,67,69,58.91%,0.46%,2.59%,2.67%,,104.28%,10.90%,31.59%,76.29%,,,,,,,,,,,,,,,,,,,,,,,,,,,,,,,,,,,,,,,,,,,,,,,,,,,,,,,,,,,,,,,,,,,,,,,,,,,,,,,,,,,,,,,,,,,,,,,,,,,,,,,,,,,,,,,,,,,,,,,,,,,,,,,,,,,,,,,,,,,,,,,,,,,,,,,,,,,,,,,,,,,,,
2002,Nova Scotia,2590,1484,19,85,60,57.30%,0.73%,3.28%,2.32%,,101.43%,17.30%,40.00%,66.29%,,,,,,,,,,,,,,,,,,,,,,,,,,,,,,,,,,,,,,,,,,,,,,,,,,,,,,,,,,,,,,,,,,,,,,,,,,,,,,,,,,,,,,,,,,,,,,,,,,,,,,,,,,,,,,,,,,,,,,,,,,,,,,,,,,,,,,,,,,,,,,,,,,,,,,,,,,,,,,,,,,,,,
2003,Nova Scotia,2511,1491,17,73,76,59.38%,0.68%,2.91%,3.03%,,105.12%,16.11%,35.49%,86.57%,,,,,,,,,,,,,,,,,,,,,,,,,,,,,,,,,,,,,,,,,,,,,,,,,,,,,,,,,,,,,,,,,,,,,,,,,,,,,,,,,,,,,,,,,,,,,,,,,,,,,,,,,,,,,,,,,,,,,,,,,,,,,,,,,,,,,,,,,,,,,,,,,,,,,,,,,,,,,,,,,,,,,
2004,Nova Scotia,2506,1499,16,77,75,59.82%,0.64%,3.07%,2.99%,,105.89%,15.17%,37.44%,85.43%,,,,,,,,,,,,,,,,,,,,,,,,,,,,,,,,,,,,,,,,,,,,,,,,,,,,,,,,,,,,,,,,,,,,,,,,,,,,,,,,,,,,,,,,,,,,,,,,,,,,,,,,,,,,,,,,,,,,,,,,,,,,,,,,,,,,,,,,,,,,,,,,,,,,,,,,,,,,,,,,,,,,,
2005,Nova Scotia,2510,1464,17,88,85,58.33%,0.68%,3.51%,3.39%,,103.26%,16.11%,42.80%,96.86%,,,,,,,,,,,,,,,,,,,,,,,,,,,,,,,,,,,,,,,,,,,,,,,,,,,,,,,,,,,,,,,,,,,,,,,,,,,,,,,,,,,,,,,,,,,,,,,,,,,,,,,,,,,,,,,,,,,,,,,,,,,,,,,,,,,,,,,,,,,,,,,,,,,,,,,,,,,,,,,,,,,,,
2006,Nova Scotia,2646,1565,25,102,94,59.15%,0.94%,3.85%,3.55%,,104.71%,22.27%,46.95%,101.43%,,,,,,,,,,,,,,,,,,,,,,,,,,,,,,,,,,,,,,,,,,,,,,,,,,,,,,,,,,,,,,,,,,,,,,,,,,,,,,,,,,,,,,,,,,,,,,,,,,,,,,,,,,,,,,,,,,,,,,,,,,,,,,,,,,,,,,,,,,,,,,,,,,,,,,,,,,,,,,,,,,,,,
2007,Nova Scotia,2544,1470,23,90,101,57.78%,0.90%,3.54%,3.97%,,102.28%,21.33%,43.17%,113.43%,,,,,,,,,,,,,,,,,,,,,,,,,,,,,,,,,,,,,,,,,,,,,,,,,,,,,,,,,,,,,,,,,,,,,,,,,,,,,,,,,,,,,,,,,,,,,,,,,,,,,,,,,,,,,,,,,,,,,,,,,,,,,,,,,,,,,,,,,,,,,,,,,,,,,,,,,,,,,,,,,,,,,
2008,Nova Scotia,2530,1385,25,92,96,54.74%,0.99%,3.64%,3.79%,,96.90%,23.46%,44.39%,108.29%,,,,,,,,,,,,,,,,,,,,,,,,,,,,,,,,,,,,,,,,,,,,,,,,,,,,,,,,,,,,,,,,,,,,,,,,,,,,,,,,,,,,,,,,,,,,,,,,,,,,,,,,,,,,,,,,,,,,,,,,,,,,,,,,,,,,,,,,,,,,,,,,,,,,,,,,,,,,,,,,,,,,,
2009,Nova Scotia,2505,1398,32,88,91,55.81%,1.28%,3.51%,3.63%,,98.80%,30.33%,42.80%,103.71%,,,,,,,,,,,,,,,,,,,,,,,,,,,,,,,,,,,,,,,,,,,,,,,,,,,,,,,,,,,,,,,,,,,,,,,,,,,,,,,,,,,,,,,,,,,,,,,,,,,,,,,,,,,,,,,,,,,,,,,,,,,,,,,,,,,,,,,,,,,,,,,,,,,,,,,,,,,,,,,,,,,,,
2010,Nova Scotia,2668,1473,40,96,107,55.21%,1.50%,3.60%,4.01%,,97.73%,35.55%,43.90%,114.57%,,,,,,,,,,,,,,,,,,,,,,,,,,,,,,,,,,,,,,,,,,,,,,,,,,,,,,,,,,,,,,,,,,,,,,,,,,,,,,,,,,,,,,,,,,,,,,,,,,,,,,,,,,,,,,,,,,,,,,,,,,,,,,,,,,,,,,,,,,,,,,,,,,,,,,,,,,,,,,,,,,,,,
2011,Nova Scotia,2645,1459,43,95,112,55.16%,1.63%,3.59%,4.23%,,97.65%,38.63%,43.78%,120.86%,,,,,,,,,,,,,,,,,,,,,,,,,,,,,,,,,,,,,,,,,,,,,,,,,,,,,,,,,,,,,,,,,,,,,,,,,,,,,,,,,,,,,,,,,,,,,,,,,,,,,,,,,,,,,,,,,,,,,,,,,,,,,,,,,,,,,,,,,,,,,,,,,,,,,,,,,,,,,,,,,,,,,
2012,Nova Scotia,2651,1447,46,105,115,54.58%,1.74%,3.96%,4.34%,,96.62%,41.23%,48.29%,124.00%,,,,,,,,,,,,,,,,,,,,,,,,,,,,,,,,,,,,,,,,,,,,,,,,,,,,,,,,,,,,,,,,,,,,,,,,,,,,,,,,,,,,,,,,,,,,,,,,,,,,,,,,,,,,,,,,,,,,,,,,,,,,,,,,,,,,,,,,,,,,,,,,,,,,,,,,,,,,,,,,,,,,,
2013,Nova Scotia,2601,1408,59,101,129,54.13%,2.27%,3.88%,4.96%,,95.82%,53.79%,47.32%,141.71%,,,,,,,,,,,,,,,,,,,,,,,,,,,,,,,,,,,,,,,,,,,,,,,,,,,,,,,,,,,,,,,,,,,,,,,,,,,,,,,,,,,,,,,,,,,,,,,,,,,,,,,,,,,,,,,,,,,,,,,,,,,,,,,,,,,,,,,,,,,,,,,,,,,,,,,,,,,,,,,,,,,,,
2014,Nova Scotia,2052,953,40,74,64,46.44%,1.95%,3.61%,3.12%,,82.21%,46.21%,44.02%,89.14%,,,,,,,,,,,,,,,,,,,,,,,,,,,,,,,,,,,,,,,,,,,,,,,,,,,,,,,,,,,,,,,,,,,,,,,,,,,,,,,,,,,,,,,,,,,,,,,,,,,,,,,,,,,,,,,,,,,,,,,,,,,,,,,,,,,,,,,,,,,,,,,,,,,,,,,,,,,,,,,,,,,,,
2015,Nova Scotia,1992,990,40,89,91,49.70%,2.01%,4.47%,4.57%,,87.98%,47.63%,54.51%,130.57%,,,,,,,,,,,,,,,,,,,,,,,,,,,,,,,,,,,,,,,,,,,,,,,,,,,,,,,,,,,,,,,,,,,,,,,,,,,,,,,,,,,,,,,,,,,,,,,,,,,,,,,,,,,,,,,,,,,,,,,,,,,,,,,,,,,,,,,,,,,,,,,,,,,,,,,,,,,,,,,,,,,,,
2016,Nova Scotia,1690,827,27,82,87,48.93%,1.60%,4.85%,5.15%,,86.62%,37.91%,59.15%,147.14%,,,,,,,,,,,,,,,,,,,,,,,,,,,,,,,,,,,,,,,,,,,,,,,,,,,,,,,,,,,,,,,,,,,,,,,,,,,,,,,,,,,,,,,,,,,,,,,,,,,,,,,,,,,,,,,,,,,,,,,,,,,,,,,,,,,,,,,,,,,,,,,,,,,,,,,,,,,,,,,,,,,,,
2017,Nova Scotia,1678,805,28,75,117,47.97%,1.67%,4.47%,6.97%,,84.92%,39.57%,54.51%,199.14%,,,,,,,,,,,,,,,,,,,,,,,,,,,,,,,,,,,,,,,,,,,,,,,,,,,,,,,,,,,,,,,,,,,,,,,,,,,,,,,,,,,,,,,,,,,,,,,,,,,,,,,,,,,,,,,,,,,,,,,,,,,,,,,,,,,,,,,,,,,,,,,,,,,,,,,,,,,,,,,,,,,,,
2018,Nova Scotia,1711,799,33,87,119,46.70%,1.93%,5.08%,6.95%,,82.67%,45.73%,61.95%,198.57%,,,,,,,,,,,,,,,,,,,,,,,,,,,,,,,,,,,,,,,,,,,,,,,,,,,,,,,,,,,,,,,,,,,,,,,,,,,,,,,,,,,,,,,,,,,,,,,,,,,,,,,,,,,,,,,,,,,,,,,,,,,,,,,,,,,,,,,,,,,,,,,,,,,,,,,,,,,,,,,,,,,,,
2019,Nova Scotia,1787,854,32,84,141,47.79%,1.79%,4.70%,7.89%,,84.60%,42.42%,57.32%,225.43%,,,,,,,,,,,,,,,,,,,,,,,,,,,,,,,,,,,,,,,,,,,,,,,,,,,,,,,,,,,,,,,,,,,,,,,,,,,,,,,,,,,,,,,,,,,,,,,,,,,,,,,,,,,,,,,,,,,,,,,,,,,,,,,,,,,,,,,,,,,,,,,,,,,,,,,,,,,,,,,,,,,,,
1999,Nunavut,4,1,1,0,0,25.00%,25.00%,0.00%,0.00%,,46.42%,43.93%,NA,0.00%,,,,,,,,,,,,,,,,,,,,,,,,,,,,,,,,,,,,,,,,,,,,,,,,,,,,,,,,,,,,,,,,,,,,,,,,,,,,,,,,,,,,,,,,,,,,,,,,,,,,,,,,,,,,,,,,,,,,,,,,,,,,,,,,,,,,,,,,,,,,,,,,,,,,,,,,,,,,,,,,,,,,,
2001,Nunavut,6,1,1,0,0,16.67%,16.67%,0.00%,0.00%,,30.95%,29.29%,NA,0.00%,,,,,,,,,,,,,,,,,,,,,,,,,,,,,,,,,,,,,,,,,,,,,,,,,,,,,,,,,,,,,,,,,,,,,,,,,,,,,,,,,,,,,,,,,,,,,,,,,,,,,,,,,,,,,,,,,,,,,,,,,,,,,,,,,,,,,,,,,,,,,,,,,,,,,,,,,,,,,,,,,,,,,
2002,Nunavut,4,1,1,0,0,25.00%,25.00%,0.00%,0.00%,,46.42%,43.93%,NA,0.00%,,,,,,,,,,,,,,,,,,,,,,,,,,,,,,,,,,,,,,,,,,,,,,,,,,,,,,,,,,,,,,,,,,,,,,,,,,,,,,,,,,,,,,,,,,,,,,,,,,,,,,,,,,,,,,,,,,,,,,,,,,,,,,,,,,,,,,,,,,,,,,,,,,,,,,,,,,,,,,,,,,,,,
2003,Nunavut,3,1,1,0,0,33.33%,33.33%,0.00%,0.00%,,61.88%,58.57%,NA,0.00%,,,,,,,,,,,,,,,,,,,,,,,,,,,,,,,,,,,,,,,,,,,,,,,,,,,,,,,,,,,,,,,,,,,,,,,,,,,,,,,,,,,,,,,,,,,,,,,,,,,,,,,,,,,,,,,,,,,,,,,,,,,,,,,,,,,,,,,,,,,,,,,,,,,,,,,,,,,,,,,,,,,,,
2004,Nunavut,2,1,1,0,0,50.00%,50.00%,0.00%,0.00%,,92.83%,87.86%,NA,0.00%,,,,,,,,,,,,,,,,,,,,,,,,,,,,,,,,,,,,,,,,,,,,,,,,,,,,,,,,,,,,,,,,,,,,,,,,,,,,,,,,,,,,,,,,,,,,,,,,,,,,,,,,,,,,,,,,,,,,,,,,,,,,,,,,,,,,,,,,,,,,,,,,,,,,,,,,,,,,,,,,,,,,,
2005,Nunavut,2,1,1,0,0,50.00%,50.00%,0.00%,0.00%,,92.83%,87.86%,NA,0.00%,,,,,,,,,,,,,,,,,,,,,,,,,,,,,,,,,,,,,,,,,,,,,,,,,,,,,,,,,,,,,,,,,,,,,,,,,,,,,,,,,,,,,,,,,,,,,,,,,,,,,,,,,,,,,,,,,,,,,,,,,,,,,,,,,,,,,,,,,,,,,,,,,,,,,,,,,,,,,,,,,,,,,
2006,Nunavut,3,1,1,0,0,33.33%,33.33%,0.00%,0.00%,,61.88%,58.57%,NA,0.00%,,,,,,,,,,,,,,,,,,,,,,,,,,,,,,,,,,,,,,,,,,,,,,,,,,,,,,,,,,,,,,,,,,,,,,,,,,,,,,,,,,,,,,,,,,,,,,,,,,,,,,,,,,,,,,,,,,,,,,,,,,,,,,,,,,,,,,,,,,,,,,,,,,,,,,,,,,,,,,,,,,,,,
2007,Nunavut,10,3,3,0,0,30.00%,30.00%,0.00%,0.00%,,55.70%,52.71%,NA,0.00%,,,,,,,,,,,,,,,,,,,,,,,,,,,,,,,,,,,,,,,,,,,,,,,,,,,,,,,,,,,,,,,,,,,,,,,,,,,,,,,,,,,,,,,,,,,,,,,,,,,,,,,,,,,,,,,,,,,,,,,,,,,,,,,,,,,,,,,,,,,,,,,,,,,,,,,,,,,,,,,,,,,,,
2008,Nunavut,8,2,2,0,0,25.00%,25.00%,0.00%,0.00%,,46.42%,43.93%,NA,0.00%,,,,,,,,,,,,,,,,,,,,,,,,,,,,,,,,,,,,,,,,,,,,,,,,,,,,,,,,,,,,,,,,,,,,,,,,,,,,,,,,,,,,,,,,,,,,,,,,,,,,,,,,,,,,,,,,,,,,,,,,,,,,,,,,,,,,,,,,,,,,,,,,,,,,,,,,,,,,,,,,,,,,,
2009,Nunavut,10,3,3,0,0,30.00%,30.00%,0.00%,0.00%,,55.70%,52.71%,NA,0.00%,,,,,,,,,,,,,,,,,,,,,,,,,,,,,,,,,,,,,,,,,,,,,,,,,,,,,,,,,,,,,,,,,,,,,,,,,,,,,,,,,,,,,,,,,,,,,,,,,,,,,,,,,,,,,,,,,,,,,,,,,,,,,,,,,,,,,,,,,,,,,,,,,,,,,,,,,,,,,,,,,,,,,
2010,Nunavut,10,3,3,0,0,30.00%,30.00%,0.00%,0.00%,,55.70%,52.71%,NA,0.00%,,,,,,,,,,,,,,,,,,,,,,,,,,,,,,,,,,,,,,,,,,,,,,,,,,,,,,,,,,,,,,,,,,,,,,,,,,,,,,,,,,,,,,,,,,,,,,,,,,,,,,,,,,,,,,,,,,,,,,,,,,,,,,,,,,,,,,,,,,,,,,,,,,,,,,,,,,,,,,,,,,,,,
2011,Nunavut,14,4,4,0,0,28.57%,28.57%,0.00%,0.00%,,53.04%,50.20%,NA,0.00%,,,,,,,,,,,,,,,,,,,,,,,,,,,,,,,,,,,,,,,,,,,,,,,,,,,,,,,,,,,,,,,,,,,,,,,,,,,,,,,,,,,,,,,,,,,,,,,,,,,,,,,,,,,,,,,,,,,,,,,,,,,,,,,,,,,,,,,,,,,,,,,,,,,,,,,,,,,,,,,,,,,,,
2012,Nunavut,27,7,10,0,0,25.93%,37.04%,0.00%,0.00%,,48.14%,65.09%,NA,0.00%,,,,,,,,,,,,,,,,,,,,,,,,,,,,,,,,,,,,,,,,,,,,,,,,,,,,,,,,,,,,,,,,,,,,,,,,,,,,,,,,,,,,,,,,,,,,,,,,,,,,,,,,,,,,,,,,,,,,,,,,,,,,,,,,,,,,,,,,,,,,,,,,,,,,,,,,,,,,,,,,,,,,,
2013,Nunavut,28,7,8,2,0,25.00%,28.57%,7.14%,0.00%,,46.42%,50.20%,NA,0.00%,,,,,,,,,,,,,,,,,,,,,,,,,,,,,,,,,,,,,,,,,,,,,,,,,,,,,,,,,,,,,,,,,,,,,,,,,,,,,,,,,,,,,,,,,,,,,,,,,,,,,,,,,,,,,,,,,,,,,,,,,,,,,,,,,,,,,,,,,,,,,,,,,,,,,,,,,,,,,,,,,,,,,
2014,Nunavut,17,4,5,0,1,23.53%,29.41%,0.00%,5.88%,,43.69%,51.68%,NA,120.49%,,,,,,,,,,,,,,,,,,,,,,,,,,,,,,,,,,,,,,,,,,,,,,,,,,,,,,,,,,,,,,,,,,,,,,,,,,,,,,,,,,,,,,,,,,,,,,,,,,,,,,,,,,,,,,,,,,,,,,,,,,,,,,,,,,,,,,,,,,,,,,,,,,,,,,,,,,,,,,,,,,,,,
2015,Nunavut,7,2,3,0,1,28.57%,42.86%,0.00%,14.29%,,53.04%,75.31%,NA,292.83%,,,,,,,,,,,,,,,,,,,,,,,,,,,,,,,,,,,,,,,,,,,,,,,,,,,,,,,,,,,,,,,,,,,,,,,,,,,,,,,,,,,,,,,,,,,,,,,,,,,,,,,,,,,,,,,,,,,,,,,,,,,,,,,,,,,,,,,,,,,,,,,,,,,,,,,,,,,,,,,,,,,,,
2016,Nunavut,7,4,2,0,1,57.14%,28.57%,0.00%,14.29%,,106.09%,50.20%,NA,292.83%,,,,,,,,,,,,,,,,,,,,,,,,,,,,,,,,,,,,,,,,,,,,,,,,,,,,,,,,,,,,,,,,,,,,,,,,,,,,,,,,,,,,,,,,,,,,,,,,,,,,,,,,,,,,,,,,,,,,,,,,,,,,,,,,,,,,,,,,,,,,,,,,,,,,,,,,,,,,,,,,,,,,,
2017,Nunavut,9,5,2,0,0,55.56%,22.22%,0.00%,0.00%,,103.16%,39.04%,NA,0.00%,,,,,,,,,,,,,,,,,,,,,,,,,,,,,,,,,,,,,,,,,,,,,,,,,,,,,,,,,,,,,,,,,,,,,,,,,,,,,,,,,,,,,,,,,,,,,,,,,,,,,,,,,,,,,,,,,,,,,,,,,,,,,,,,,,,,,,,,,,,,,,,,,,,,,,,,,,,,,,,,,,,,,
2018,Nunavut,16,6,3,0,1,37.50%,18.75%,0.00%,6.25%,,69.62%,32.95%,NA,128.07%,,,,,,,,,,,,,,,,,,,,,,,,,,,,,,,,,,,,,,,,,,,,,,,,,,,,,,,,,,,,,,,,,,,,,,,,,,,,,,,,,,,,,,,,,,,,,,,,,,,,,,,,,,,,,,,,,,,,,,,,,,,,,,,,,,,,,,,,,,,,,,,,,,,,,,,,,,,,,,,,,,,,,
2019,Nunavut,7,3,2,0,1,42.86%,28.57%,0.00%,14.29%,,79.58%,50.20%,NA,292.83%,,,,,,,,,,,,,,,,,,,,,,,,,,,,,,,,,,,,,,,,,,,,,,,,,,,,,,,,,,,,,,,,,,,,,,,,,,,,,,,,,,,,,,,,,,,,,,,,,,,,,,,,,,,,,,,,,,,,,,,,,,,,,,,,,,,,,,,,,,,,,,,,,,,,,,,,,,,,,,,,,,,,,
1997,Ontario,48589,26323,359,1020,6556,54.17%,0.74%,2.10%,13.49%,,100.73%,37.19%,30.84%,66.65%,,,,,,,,,,,,,,,,,,,,,,,,,,,,,,,,,,,,,,,,,,,,,,,,,,,,,,,,,,,,,,,,,,,,,,,,,,,,,,,,,,,,,,,,,,,,,,,,,,,,,,,,,,,,,,,,,,,,,,,,,,,,,,,,,,,,,,,,,,,,,,,,,,,,,,,,,,,,,,,,,,,,,
1998,Ontario,49758,27245,389,976,7027,54.76%,0.78%,1.96%,14.12%,,101.82%,39.20%,28.78%,69.76%,,,,,,,,,,,,,,,,,,,,,,,,,,,,,,,,,,,,,,,,,,,,,,,,,,,,,,,,,,,,,,,,,,,,,,,,,,,,,,,,,,,,,,,,,,,,,,,,,,,,,,,,,,,,,,,,,,,,,,,,,,,,,,,,,,,,,,,,,,,,,,,,,,,,,,,,,,,,,,,,,,,,,
1999,Ontario,51609,28897,419,985,7662,55.99%,0.81%,1.91%,14.85%,,104.11%,40.70%,28.05%,73.37%,,,,,,,,,,,,,,,,,,,,,,,,,,,,,,,,,,,,,,,,,,,,,,,,,,,,,,,,,,,,,,,,,,,,,,,,,,,,,,,,,,,,,,,,,,,,,,,,,,,,,,,,,,,,,,,,,,,,,,,,,,,,,,,,,,,,,,,,,,,,,,,,,,,,,,,,,,,,,,,,,,,,,
2000,Ontario,54369,30335,410,1047,8141,55.79%,0.75%,1.93%,14.97%,,103.74%,37.69%,28.34%,73.96%,,,,,,,,,,,,,,,,,,,,,,,,,,,,,,,,,,,,,,,,,,,,,,,,,,,,,,,,,,,,,,,,,,,,,,,,,,,,,,,,,,,,,,,,,,,,,,,,,,,,,,,,,,,,,,,,,,,,,,,,,,,,,,,,,,,,,,,,,,,,,,,,,,,,,,,,,,,,,,,,,,,,,
2001,Ontario,59860,33673,440,1052,9536,56.25%,0.74%,1.76%,15.93%,,104.59%,37.19%,25.84%,78.71%,,,,,,,,,,,,,,,,,,,,,,,,,,,,,,,,,,,,,,,,,,,,,,,,,,,,,,,,,,,,,,,,,,,,,,,,,,,,,,,,,,,,,,,,,,,,,,,,,,,,,,,,,,,,,,,,,,,,,,,,,,,,,,,,,,,,,,,,,,,,,,,,,,,,,,,,,,,,,,,,,,,,,
2002,Ontario,52977,28273,413,1060,8384,53.37%,0.78%,2.00%,15.83%,,99.24%,39.20%,29.37%,78.21%,,,,,,,,,,,,,,,,,,,,,,,,,,,,,,,,,,,,,,,,,,,,,,,,,,,,,,,,,,,,,,,,,,,,,,,,,,,,,,,,,,,,,,,,,,,,,,,,,,,,,,,,,,,,,,,,,,,,,,,,,,,,,,,,,,,,,,,,,,,,,,,,,,,,,,,,,,,,,,,,,,,,,
2003,Ontario,53865,28497,437,1090,8942,52.90%,0.81%,2.02%,16.60%,,98.36%,40.70%,29.66%,82.02%,,,,,,,,,,,,,,,,,,,,,,,,,,,,,,,,,,,,,,,,,,,,,,,,,,,,,,,,,,,,,,,,,,,,,,,,,,,,,,,,,,,,,,,,,,,,,,,,,,,,,,,,,,,,,,,,,,,,,,,,,,,,,,,,,,,,,,,,,,,,,,,,,,,,,,,,,,,,,,,,,,,,,
2004,Ontario,54462,28775,470,1320,9678,52.84%,0.86%,2.42%,17.77%,,98.25%,43.22%,35.54%,87.80%,,,,,,,,,,,,,,,,,,,,,,,,,,,,,,,,,,,,,,,,,,,,,,,,,,,,,,,,,,,,,,,,,,,,,,,,,,,,,,,,,,,,,,,,,,,,,,,,,,,,,,,,,,,,,,,,,,,,,,,,,,,,,,,,,,,,,,,,,,,,,,,,,,,,,,,,,,,,,,,,,,,,,
2005,Ontario,56574,29831,511,1504,10380,52.73%,0.90%,2.66%,18.35%,,98.05%,45.23%,39.06%,90.66%,,,,,,,,,,,,,,,,,,,,,,,,,,,,,,,,,,,,,,,,,,,,,,,,,,,,,,,,,,,,,,,,,,,,,,,,,,,,,,,,,,,,,,,,,,,,,,,,,,,,,,,,,,,,,,,,,,,,,,,,,,,,,,,,,,,,,,,,,,,,,,,,,,,,,,,,,,,,,,,,,,,,,
2006,Ontario,59541,31544,548,1688,11542,52.98%,0.92%,2.84%,19.38%,,98.51%,46.23%,41.70%,95.75%,,,,,,,,,,,,,,,,,,,,,,,,,,,,,,,,,,,,,,,,,,,,,,,,,,,,,,,,,,,,,,,,,,,,,,,,,,,,,,,,,,,,,,,,,,,,,,,,,,,,,,,,,,,,,,,,,,,,,,,,,,,,,,,,,,,,,,,,,,,,,,,,,,,,,,,,,,,,,,,,,,,,,
2007,Ontario,61454,32073,596,1822,12935,52.19%,0.97%,2.96%,21.05%,,97.04%,48.74%,43.47%,104.00%,,,,,,,,,,,,,,,,,,,,,,,,,,,,,,,,,,,,,,,,,,,,,,,,,,,,,,,,,,,,,,,,,,,,,,,,,,,,,,,,,,,,,,,,,,,,,,,,,,,,,,,,,,,,,,,,,,,,,,,,,,,,,,,,,,,,,,,,,,,,,,,,,,,,,,,,,,,,,,,,,,,,,
2008,Ontario,58926,29912,521,1675,12342,50.76%,0.88%,2.84%,20.94%,,94.38%,44.22%,41.70%,103.46%,,,,,,,,,,,,,,,,,,,,,,,,,,,,,,,,,,,,,,,,,,,,,,,,,,,,,,,,,,,,,,,,,,,,,,,,,,,,,,,,,,,,,,,,,,,,,,,,,,,,,,,,,,,,,,,,,,,,,,,,,,,,,,,,,,,,,,,,,,,,,,,,,,,,,,,,,,,,,,,,,,,,,
2009,Ontario,58121,29310,567,1657,12503,50.43%,0.98%,2.85%,21.51%,,93.77%,49.25%,41.85%,106.27%,,,,,,,,,,,,,,,,,,,,,,,,,,,,,,,,,,,,,,,,,,,,,,,,,,,,,,,,,,,,,,,,,,,,,,,,,,,,,,,,,,,,,,,,,,,,,,,,,,,,,,,,,,,,,,,,,,,,,,,,,,,,,,,,,,,,,,,,,,,,,,,,,,,,,,,,,,,,,,,,,,,,,
2010,Ontario,60105,30229,602,1676,13872,50.29%,1.00%,2.79%,23.08%,,93.51%,50.25%,40.97%,114.03%,,,,,,,,,,,,,,,,,,,,,,,,,,,,,,,,,,,,,,,,,,,,,,,,,,,,,,,,,,,,,,,,,,,,,,,,,,,,,,,,,,,,,,,,,,,,,,,,,,,,,,,,,,,,,,,,,,,,,,,,,,,,,,,,,,,,,,,,,,,,,,,,,,,,,,,,,,,,,,,,,,,,,
2011,Ontario,61766,31002,600,1703,15048,50.19%,0.97%,2.76%,24.36%,,93.32%,48.74%,40.53%,120.36%,,,,,,,,,,,,,,,,,,,,,,,,,,,,,,,,,,,,,,,,,,,,,,,,,,,,,,,,,,,,,,,,,,,,,,,,,,,,,,,,,,,,,,,,,,,,,,,,,,,,,,,,,,,,,,,,,,,,,,,,,,,,,,,,,,,,,,,,,,,,,,,,,,,,,,,,,,,,,,,,,,,,,
2012,Ontario,63363,31640,603,1923,15741,49.93%,0.95%,3.03%,24.84%,,92.84%,47.74%,44.49%,122.73%,,,,,,,,,,,,,,,,,,,,,,,,,,,,,,,,,,,,,,,,,,,,,,,,,,,,,,,,,,,,,,,,,,,,,,,,,,,,,,,,,,,,,,,,,,,,,,,,,,,,,,,,,,,,,,,,,,,,,,,,,,,,,,,,,,,,,,,,,,,,,,,,,,,,,,,,,,,,,,,,,,,,,
2013,Ontario,64406,31961,594,1886,16648,49.62%,0.92%,2.93%,25.85%,,92.26%,46.23%,43.02%,127.72%,,,,,,,,,,,,,,,,,,,,,,,,,,,,,,,,,,,,,,,,,,,,,,,,,,,,,,,,,,,,,,,,,,,,,,,,,,,,,,,,,,,,,,,,,,,,,,,,,,,,,,,,,,,,,,,,,,,,,,,,,,,,,,,,,,,,,,,,,,,,,,,,,,,,,,,,,,,,,,,,,,,,,
2014,Ontario,57372,27872,524,1781,15362,48.58%,0.91%,3.10%,26.78%,,90.33%,45.73%,45.52%,132.31%,,,,,,,,,,,,,,,,,,,,,,,,,,,,,,,,,,,,,,,,,,,,,,,,,,,,,,,,,,,,,,,,,,,,,,,,,,,,,,,,,,,,,,,,,,,,,,,,,,,,,,,,,,,,,,,,,,,,,,,,,,,,,,,,,,,,,,,,,,,,,,,,,,,,,,,,,,,,,,,,,,,,,
2015,Ontario,62302,29909,605,2095,17004,48.01%,0.97%,3.36%,27.29%,,89.27%,48.74%,49.34%,134.83%,,,,,,,,,,,,,,,,,,,,,,,,,,,,,,,,,,,,,,,,,,,,,,,,,,,,,,,,,,,,,,,,,,,,,,,,,,,,,,,,,,,,,,,,,,,,,,,,,,,,,,,,,,,,,,,,,,,,,,,,,,,,,,,,,,,,,,,,,,,,,,,,,,,,,,,,,,,,,,,,,,,,,
2016,Ontario,60623,29232,616,2236,17453,48.22%,1.02%,3.69%,28.79%,,89.66%,51.26%,54.19%,142.24%,,,,,,,,,,,,,,,,,,,,,,,,,,,,,,,,,,,,,,,,,,,,,,,,,,,,,,,,,,,,,,,,,,,,,,,,,,,,,,,,,,,,,,,,,,,,,,,,,,,,,,,,,,,,,,,,,,,,,,,,,,,,,,,,,,,,,,,,,,,,,,,,,,,,,,,,,,,,,,,,,,,,,
2017,Ontario,62065,29648,601,2267,18280,47.77%,0.97%,3.65%,29.45%,,88.82%,48.74%,53.60%,145.50%,,,,,,,,,,,,,,,,,,,,,,,,,,,,,,,,,,,,,,,,,,,,,,,,,,,,,,,,,,,,,,,,,,,,,,,,,,,,,,,,,,,,,,,,,,,,,,,,,,,,,,,,,,,,,,,,,,,,,,,,,,,,,,,,,,,,,,,,,,,,,,,,,,,,,,,,,,,,,,,,,,,,,
2018,Ontario,66094,31074,661,2564,20625,47.01%,1.00%,3.88%,31.21%,,87.41%,50.25%,56.98%,154.20%,,,,,,,,,,,,,,,,,,,,,,,,,,,,,,,,,,,,,,,,,,,,,,,,,,,,,,,,,,,,,,,,,,,,,,,,,,,,,,,,,,,,,,,,,,,,,,,,,,,,,,,,,,,,,,,,,,,,,,,,,,,,,,,,,,,,,,,,,,,,,,,,,,,,,,,,,,,,,,,,,,,,,
2019,Ontario,68367,32410,671,2824,21788,47.41%,0.98%,4.13%,31.87%,,88.16%,49.25%,60.65%,157.46%,,,,,,,,,,,,,,,,,,,,,,,,,,,,,,,,,,,,,,,,,,,,,,,,,,,,,,,,,,,,,,,,,,,,,,,,,,,,,,,,,,,,,,,,,,,,,,,,,,,,,,,,,,,,,,,,,,,,,,,,,,,,,,,,,,,,,,,,,,,,,,,,,,,,,,,,,,,,,,,,,,,,,
1997,Prince Edward Island,198,109,0,5,3,55.05%,0.00%,2.53%,1.52%,,96.39%,0.00%,42.59%,103.40%,,,,,,,,,,,,,,,,,,,,,,,,,,,,,,,,,,,,,,,,,,,,,,,,,,,,,,,,,,,,,,,,,,,,,,,,,,,,,,,,,,,,,,,,,,,,,,,,,,,,,,,,,,,,,,,,,,,,,,,,,,,,,,,,,,,,,,,,,,,,,,,,,,,,,,,,,,,,,,,,,,,,,
1998,Prince Edward Island,256,157,1,6,4,61.33%,0.39%,2.34%,1.56%,,107.39%,33.91%,39.39%,106.12%,,,,,,,,,,,,,,,,,,,,,,,,,,,,,,,,,,,,,,,,,,,,,,,,,,,,,,,,,,,,,,,,,,,,,,,,,,,,,,,,,,,,,,,,,,,,,,,,,,,,,,,,,,,,,,,,,,,,,,,,,,,,,,,,,,,,,,,,,,,,,,,,,,,,,,,,,,,,,,,,,,,,,
1999,Prince Edward Island,168,105,0,3,2,62.50%,0.00%,1.79%,1.19%,,109.44%,0.00%,30.13%,80.95%,,,,,,,,,,,,,,,,,,,,,,,,,,,,,,,,,,,,,,,,,,,,,,,,,,,,,,,,,,,,,,,,,,,,,,,,,,,,,,,,,,,,,,,,,,,,,,,,,,,,,,,,,,,,,,,,,,,,,,,,,,,,,,,,,,,,,,,,,,,,,,,,,,,,,,,,,,,,,,,,,,,,,
2000,Prince Edward Island,193,104,0,3,2,53.89%,0.00%,1.55%,1.04%,,94.36%,0.00%,26.09%,70.75%,,,,,,,,,,,,,,,,,,,,,,,,,,,,,,,,,,,,,,,,,,,,,,,,,,,,,,,,,,,,,,,,,,,,,,,,,,,,,,,,,,,,,,,,,,,,,,,,,,,,,,,,,,,,,,,,,,,,,,,,,,,,,,,,,,,,,,,,,,,,,,,,,,,,,,,,,,,,,,,,,,,,,
2001,Prince Edward Island,229,124,0,4,2,54.15%,0.00%,1.75%,0.87%,,94.82%,0.00%,29.46%,59.18%,,,,,,,,,,,,,,,,,,,,,,,,,,,,,,,,,,,,,,,,,,,,,,,,,,,,,,,,,,,,,,,,,,,,,,,,,,,,,,,,,,,,,,,,,,,,,,,,,,,,,,,,,,,,,,,,,,,,,,,,,,,,,,,,,,,,,,,,,,,,,,,,,,,,,,,,,,,,,,,,,,,,,
2002,Prince Edward Island,211,108,0,4,1,51.18%,0.00%,1.90%,0.47%,,89.62%,0.00%,31.99%,31.97%,,,,,,,,,,,,,,,,,,,,,,,,,,,,,,,,,,,,,,,,,,,,,,,,,,,,,,,,,,,,,,,,,,,,,,,,,,,,,,,,,,,,,,,,,,,,,,,,,,,,,,,,,,,,,,,,,,,,,,,,,,,,,,,,,,,,,,,,,,,,,,,,,,,,,,,,,,,,,,,,,,,,,
2003,Prince Edward Island,253,140,0,6,2,55.34%,0.00%,2.37%,0.79%,,96.90%,0.00%,39.90%,53.74%,,,,,,,,,,,,,,,,,,,,,,,,,,,,,,,,,,,,,,,,,,,,,,,,,,,,,,,,,,,,,,,,,,,,,,,,,,,,,,,,,,,,,,,,,,,,,,,,,,,,,,,,,,,,,,,,,,,,,,,,,,,,,,,,,,,,,,,,,,,,,,,,,,,,,,,,,,,,,,,,,,,,,
2004,Prince Edward Island,235,132,0,7,1,56.17%,0.00%,2.98%,0.43%,,98.35%,0.00%,50.17%,29.25%,,,,,,,,,,,,,,,,,,,,,,,,,,,,,,,,,,,,,,,,,,,,,,,,,,,,,,,,,,,,,,,,,,,,,,,,,,,,,,,,,,,,,,,,,,,,,,,,,,,,,,,,,,,,,,,,,,,,,,,,,,,,,,,,,,,,,,,,,,,,,,,,,,,,,,,,,,,,,,,,,,,,,
2005,Prince Edward Island,244,134,2,10,0,54.92%,0.82%,4.10%,0.00%,,96.17%,71.30%,69.02%,0.00%,,,,,,,,,,,,,,,,,,,,,,,,,,,,,,,,,,,,,,,,,,,,,,,,,,,,,,,,,,,,,,,,,,,,,,,,,,,,,,,,,,,,,,,,,,,,,,,,,,,,,,,,,,,,,,,,,,,,,,,,,,,,,,,,,,,,,,,,,,,,,,,,,,,,,,,,,,,,,,,,,,,,,
2006,Prince Edward Island,239,137,4,12,0,57.32%,1.67%,5.02%,0.00%,,100.37%,145.22%,84.51%,0.00%,,,,,,,,,,,,,,,,,,,,,,,,,,,,,,,,,,,,,,,,,,,,,,,,,,,,,,,,,,,,,,,,,,,,,,,,,,,,,,,,,,,,,,,,,,,,,,,,,,,,,,,,,,,,,,,,,,,,,,,,,,,,,,,,,,,,,,,,,,,,,,,,,,,,,,,,,,,,,,,,,,,,,
2007,Prince Edward Island,203,110,1,5,0,54.19%,0.49%,2.46%,0.00%,,94.89%,42.61%,41.41%,0.00%,,,,,,,,,,,,,,,,,,,,,,,,,,,,,,,,,,,,,,,,,,,,,,,,,,,,,,,,,,,,,,,,,,,,,,,,,,,,,,,,,,,,,,,,,,,,,,,,,,,,,,,,,,,,,,,,,,,,,,,,,,,,,,,,,,,,,,,,,,,,,,,,,,,,,,,,,,,,,,,,,,,,,
2008,Prince Edward Island,207,110,0,4,1,53.14%,0.00%,1.93%,0.48%,,93.05%,0.00%,32.49%,32.65%,,,,,,,,,,,,,,,,,,,,,,,,,,,,,,,,,,,,,,,,,,,,,,,,,,,,,,,,,,,,,,,,,,,,,,,,,,,,,,,,,,,,,,,,,,,,,,,,,,,,,,,,,,,,,,,,,,,,,,,,,,,,,,,,,,,,,,,,,,,,,,,,,,,,,,,,,,,,,,,,,,,,,
2009,Prince Edward Island,214,111,0,6,2,51.87%,0.00%,2.80%,0.93%,,90.82%,0.00%,47.14%,63.27%,,,,,,,,,,,,,,,,,,,,,,,,,,,,,,,,,,,,,,,,,,,,,,,,,,,,,,,,,,,,,,,,,,,,,,,,,,,,,,,,,,,,,,,,,,,,,,,,,,,,,,,,,,,,,,,,,,,,,,,,,,,,,,,,,,,,,,,,,,,,,,,,,,,,,,,,,,,,,,,,,,,,,
2010,Prince Edward Island,227,128,1,7,3,56.39%,0.44%,3.08%,1.32%,,98.74%,38.26%,51.85%,89.80%,,,,,,,,,,,,,,,,,,,,,,,,,,,,,,,,,,,,,,,,,,,,,,,,,,,,,,,,,,,,,,,,,,,,,,,,,,,,,,,,,,,,,,,,,,,,,,,,,,,,,,,,,,,,,,,,,,,,,,,,,,,,,,,,,,,,,,,,,,,,,,,,,,,,,,,,,,,,,,,,,,,,,
2011,Prince Edward Island,208,121,0,4,2,58.17%,0.00%,1.92%,0.96%,,101.86%,0.00%,32.32%,65.31%,,,,,,,,,,,,,,,,,,,,,,,,,,,,,,,,,,,,,,,,,,,,,,,,,,,,,,,,,,,,,,,,,,,,,,,,,,,,,,,,,,,,,,,,,,,,,,,,,,,,,,,,,,,,,,,,,,,,,,,,,,,,,,,,,,,,,,,,,,,,,,,,,,,,,,,,,,,,,,,,,,,,,
2012,Prince Edward Island,197,120,1,7,4,60.91%,0.51%,3.55%,2.03%,,106.65%,44.35%,59.76%,138.10%,,,,,,,,,,,,,,,,,,,,,,,,,,,,,,,,,,,,,,,,,,,,,,,,,,,,,,,,,,,,,,,,,,,,,,,,,,,,,,,,,,,,,,,,,,,,,,,,,,,,,,,,,,,,,,,,,,,,,,,,,,,,,,,,,,,,,,,,,,,,,,,,,,,,,,,,,,,,,,,,,,,,,
2013,Prince Edward Island,210,119,1,5,2,56.67%,0.48%,2.38%,0.95%,,99.23%,41.74%,40.07%,64.63%,,,,,,,,,,,,,,,,,,,,,,,,,,,,,,,,,,,,,,,,,,,,,,,,,,,,,,,,,,,,,,,,,,,,,,,,,,,,,,,,,,,,,,,,,,,,,,,,,,,,,,,,,,,,,,,,,,,,,,,,,,,,,,,,,,,,,,,,,,,,,,,,,,,,,,,,,,,,,,,,,,,,,
2014,Prince Edward Island,143,51,1,2,1,35.66%,0.70%,1.40%,0.70%,,62.44%,60.87%,23.57%,47.62%,,,,,,,,,,,,,,,,,,,,,,,,,,,,,,,,,,,,,,,,,,,,,,,,,,,,,,,,,,,,,,,,,,,,,,,,,,,,,,,,,,,,,,,,,,,,,,,,,,,,,,,,,,,,,,,,,,,,,,,,,,,,,,,,,,,,,,,,,,,,,,,,,,,,,,,,,,,,,,,,,,,,,
2015,Prince Edward Island,128,50,0,3,5,39.06%,0.00%,2.34%,3.91%,,68.39%,0.00%,39.39%,265.99%,,,,,,,,,,,,,,,,,,,,,,,,,,,,,,,,,,,,,,,,,,,,,,,,,,,,,,,,,,,,,,,,,,,,,,,,,,,,,,,,,,,,,,,,,,,,,,,,,,,,,,,,,,,,,,,,,,,,,,,,,,,,,,,,,,,,,,,,,,,,,,,,,,,,,,,,,,,,,,,,,,,,,
2016,Prince Edward Island,113,42,1,3,4,37.17%,0.88%,2.65%,3.54%,,65.08%,76.52%,44.61%,240.82%,,,,,,,,,,,,,,,,,,,,,,,,,,,,,,,,,,,,,,,,,,,,,,,,,,,,,,,,,,,,,,,,,,,,,,,,,,,,,,,,,,,,,,,,,,,,,,,,,,,,,,,,,,,,,,,,,,,,,,,,,,,,,,,,,,,,,,,,,,,,,,,,,,,,,,,,,,,,,,,,,,,,,
2017,Prince Edward Island,94,26,2,1,4,27.66%,2.13%,1.06%,4.26%,,48.43%,185.22%,17.85%,289.80%,,,,,,,,,,,,,,,,,,,,,,,,,,,,,,,,,,,,,,,,,,,,,,,,,,,,,,,,,,,,,,,,,,,,,,,,,,,,,,,,,,,,,,,,,,,,,,,,,,,,,,,,,,,,,,,,,,,,,,,,,,,,,,,,,,,,,,,,,,,,,,,,,,,,,,,,,,,,,,,,,,,,,
2018,Prince Edward Island,104,29,3,2,3,27.88%,2.88%,1.92%,2.88%,,48.82%,250.43%,32.32%,195.92%,,,,,,,,,,,,,,,,,,,,,,,,,,,,,,,,,,,,,,,,,,,,,,,,,,,,,,,,,,,,,,,,,,,,,,,,,,,,,,,,,,,,,,,,,,,,,,,,,,,,,,,,,,,,,,,,,,,,,,,,,,,,,,,,,,,,,,,,,,,,,,,,,,,,,,,,,,,,,,,,,,,,,
2019,Prince Edward Island,97,21,0,2,1,21.65%,0.00%,2.06%,1.03%,,37.91%,0.00%,34.68%,70.07%,,,,,,,,,,,,,,,,,,,,,,,,,,,,,,,,,,,,,,,,,,,,,,,,,,,,,,,,,,,,,,,,,,,,,,,,,,,,,,,,,,,,,,,,,,,,,,,,,,,,,,,,,,,,,,,,,,,,,,,,,,,,,,,,,,,,,,,,,,,,,,,,,,,,,,,,,,,,,,,,,,,,,
1997,Qubec,16771,9310,107,187,565,55.51%,0.64%,1.12%,3.37%,,99.55%,35.36%,27.65%,46.61%,,,,,,,,,,,,,,,,,,,,,,,,,,,,,,,,,,,,,,,,,,,,,,,,,,,,,,,,,,,,,,,,,,,,,,,,,,,,,,,,,,,,,,,,,,,,,,,,,,,,,,,,,,,,,,,,,,,,,,,,,,,,,,,,,,,,,,,,,,,,,,,,,,,,,,,,,,,,,,,,,,,,,
1998,Qubec,16386,9488,105,175,588,57.90%,0.64%,1.07%,3.59%,,103.84%,35.36%,26.42%,49.65%,,,,,,,,,,,,,,,,,,,,,,,,,,,,,,,,,,,,,,,,,,,,,,,,,,,,,,,,,,,,,,,,,,,,,,,,,,,,,,,,,,,,,,,,,,,,,,,,,,,,,,,,,,,,,,,,,,,,,,,,,,,,,,,,,,,,,,,,,,,,,,,,,,,,,,,,,,,,,,,,,,,,,
1999,Qubec,16617,9898,108,162,631,59.57%,0.65%,0.97%,3.80%,,106.83%,35.91%,23.95%,52.56%,,,,,,,,,,,,,,,,,,,,,,,,,,,,,,,,,,,,,,,,,,,,,,,,,,,,,,,,,,,,,,,,,,,,,,,,,,,,,,,,,,,,,,,,,,,,,,,,,,,,,,,,,,,,,,,,,,,,,,,,,,,,,,,,,,,,,,,,,,,,,,,,,,,,,,,,,,,,,,,,,,,,,
2000,Qubec,17805,10381,79,164,683,58.30%,0.44%,0.92%,3.84%,,104.56%,24.31%,22.72%,53.11%,,,,,,,,,,,,,,,,,,,,,,,,,,,,,,,,,,,,,,,,,,,,,,,,,,,,,,,,,,,,,,,,,,,,,,,,,,,,,,,,,,,,,,,,,,,,,,,,,,,,,,,,,,,,,,,,,,,,,,,,,,,,,,,,,,,,,,,,,,,,,,,,,,,,,,,,,,,,,,,,,,,,,
2001,Qubec,17785,10262,82,168,791,57.70%,0.46%,0.94%,4.45%,,103.48%,25.41%,23.21%,61.55%,,,,,,,,,,,,,,,,,,,,,,,,,,,,,,,,,,,,,,,,,,,,,,,,,,,,,,,,,,,,,,,,,,,,,,,,,,,,,,,,,,,,,,,,,,,,,,,,,,,,,,,,,,,,,,,,,,,,,,,,,,,,,,,,,,,,,,,,,,,,,,,,,,,,,,,,,,,,,,,,,,,,,
2002,Qubec,17276,9908,155,164,813,57.35%,0.90%,0.95%,4.71%,,102.85%,49.72%,23.46%,65.15%,,,,,,,,,,,,,,,,,,,,,,,,,,,,,,,,,,,,,,,,,,,,,,,,,,,,,,,,,,,,,,,,,,,,,,,,,,,,,,,,,,,,,,,,,,,,,,,,,,,,,,,,,,,,,,,,,,,,,,,,,,,,,,,,,,,,,,,,,,,,,,,,,,,,,,,,,,,,,,,,,,,,,
2003,Qubec,17015,9774,86,166,864,57.44%,0.51%,0.98%,5.08%,,103.01%,28.18%,24.20%,70.26%,,,,,,,,,,,,,,,,,,,,,,,,,,,,,,,,,,,,,,,,,,,,,,,,,,,,,,,,,,,,,,,,,,,,,,,,,,,,,,,,,,,,,,,,,,,,,,,,,,,,,,,,,,,,,,,,,,,,,,,,,,,,,,,,,,,,,,,,,,,,,,,,,,,,,,,,,,,,,,,,,,,,,
2004,Qubec,17380,9981,92,192,948,57.43%,0.53%,1.10%,5.45%,,102.99%,29.28%,27.16%,75.38%,,,,,,,,,,,,,,,,,,,,,,,,,,,,,,,,,,,,,,,,,,,,,,,,,,,,,,,,,,,,,,,,,,,,,,,,,,,,,,,,,,,,,,,,,,,,,,,,,,,,,,,,,,,,,,,,,,,,,,,,,,,,,,,,,,,,,,,,,,,,,,,,,,,,,,,,,,,,,,,,,,,,,
2005,Qubec,17824,10144,94,242,1061,56.91%,0.53%,1.36%,5.95%,,102.06%,29.28%,33.58%,82.30%,,,,,,,,,,,,,,,,,,,,,,,,,,,,,,,,,,,,,,,,,,,,,,,,,,,,,,,,,,,,,,,,,,,,,,,,,,,,,,,,,,,,,,,,,,,,,,,,,,,,,,,,,,,,,,,,,,,,,,,,,,,,,,,,,,,,,,,,,,,,,,,,,,,,,,,,,,,,,,,,,,,,,
2006,Qubec,18016,10278,93,239,1176,57.05%,0.52%,1.33%,6.53%,,102.31%,28.73%,32.84%,90.32%,,,,,,,,,,,,,,,,,,,,,,,,,,,,,,,,,,,,,,,,,,,,,,,,,,,,,,,,,,,,,,,,,,,,,,,,,,,,,,,,,,,,,,,,,,,,,,,,,,,,,,,,,,,,,,,,,,,,,,,,,,,,,,,,,,,,,,,,,,,,,,,,,,,,,,,,,,,,,,,,,,,,,
2007,Qubec,18345,10168,102,241,1239,55.43%,0.56%,1.31%,6.75%,,99.41%,30.94%,32.35%,93.36%,,,,,,,,,,,,,,,,,,,,,,,,,,,,,,,,,,,,,,,,,,,,,,,,,,,,,,,,,,,,,,,,,,,,,,,,,,,,,,,,,,,,,,,,,,,,,,,,,,,,,,,,,,,,,,,,,,,,,,,,,,,,,,,,,,,,,,,,,,,,,,,,,,,,,,,,,,,,,,,,,,,,,
2008,Qubec,18114,9771,95,220,1313,53.94%,0.52%,1.21%,7.25%,,96.74%,28.73%,29.88%,100.28%,,,,,,,,,,,,,,,,,,,,,,,,,,,,,,,,,,,,,,,,,,,,,,,,,,,,,,,,,,,,,,,,,,,,,,,,,,,,,,,,,,,,,,,,,,,,,,,,,,,,,,,,,,,,,,,,,,,,,,,,,,,,,,,,,,,,,,,,,,,,,,,,,,,,,,,,,,,,,,,,,,,,,
2009,Qubec,18532,9915,104,250,1454,53.50%,0.56%,1.35%,7.85%,,95.95%,30.94%,33.33%,108.58%,,,,,,,,,,,,,,,,,,,,,,,,,,,,,,,,,,,,,,,,,,,,,,,,,,,,,,,,,,,,,,,,,,,,,,,,,,,,,,,,,,,,,,,,,,,,,,,,,,,,,,,,,,,,,,,,,,,,,,,,,,,,,,,,,,,,,,,,,,,,,,,,,,,,,,,,,,,,,,,,,,,,,
2010,Qubec,18018,9668,97,240,1495,53.66%,0.54%,1.33%,8.30%,,96.23%,29.83%,32.84%,114.80%,,,,,,,,,,,,,,,,,,,,,,,,,,,,,,,,,,,,,,,,,,,,,,,,,,,,,,,,,,,,,,,,,,,,,,,,,,,,,,,,,,,,,,,,,,,,,,,,,,,,,,,,,,,,,,,,,,,,,,,,,,,,,,,,,,,,,,,,,,,,,,,,,,,,,,,,,,,,,,,,,,,,,
2011,Qubec,19164,10165,97,269,1635,53.04%,0.51%,1.40%,8.53%,,95.12%,28.18%,34.57%,117.98%,,,,,,,,,,,,,,,,,,,,,,,,,,,,,,,,,,,,,,,,,,,,,,,,,,,,,,,,,,,,,,,,,,,,,,,,,,,,,,,,,,,,,,,,,,,,,,,,,,,,,,,,,,,,,,,,,,,,,,,,,,,,,,,,,,,,,,,,,,,,,,,,,,,,,,,,,,,,,,,,,,,,,
2012,Qubec,18751,10056,110,317,1714,53.63%,0.59%,1.69%,9.14%,,96.18%,32.60%,41.73%,126.42%,,,,,,,,,,,,,,,,,,,,,,,,,,,,,,,,,,,,,,,,,,,,,,,,,,,,,,,,,,,,,,,,,,,,,,,,,,,,,,,,,,,,,,,,,,,,,,,,,,,,,,,,,,,,,,,,,,,,,,,,,,,,,,,,,,,,,,,,,,,,,,,,,,,,,,,,,,,,,,,,,,,,,
2013,Qubec,18847,9989,119,311,1916,53.00%,0.63%,1.65%,10.17%,,95.05%,34.81%,40.74%,140.66%,,,,,,,,,,,,,,,,,,,,,,,,,,,,,,,,,,,,,,,,,,,,,,,,,,,,,,,,,,,,,,,,,,,,,,,,,,,,,,,,,,,,,,,,,,,,,,,,,,,,,,,,,,,,,,,,,,,,,,,,,,,,,,,,,,,,,,,,,,,,,,,,,,,,,,,,,,,,,,,,,,,,,
2014,Qubec,14844,7774,95,266,1481,52.37%,0.64%,1.79%,9.98%,,93.92%,35.36%,44.20%,138.04%,,,,,,,,,,,,,,,,,,,,,,,,,,,,,,,,,,,,,,,,,,,,,,,,,,,,,,,,,,,,,,,,,,,,,,,,,,,,,,,,,,,,,,,,,,,,,,,,,,,,,,,,,,,,,,,,,,,,,,,,,,,,,,,,,,,,,,,,,,,,,,,,,,,,,,,,,,,,,,,,,,,,,
2015,Qubec,17290,8934,135,360,1913,51.67%,0.78%,2.08%,11.06%,,92.66%,43.09%,51.36%,152.97%,,,,,,,,,,,,,,,,,,,,,,,,,,,,,,,,,,,,,,,,,,,,,,,,,,,,,,,,,,,,,,,,,,,,,,,,,,,,,,,,,,,,,,,,,,,,,,,,,,,,,,,,,,,,,,,,,,,,,,,,,,,,,,,,,,,,,,,,,,,,,,,,,,,,,,,,,,,,,,,,,,,,,
2016,Qubec,15865,8161,127,349,1895,51.44%,0.80%,2.20%,11.94%,,92.25%,44.20%,54.32%,165.15%,,,,,,,,,,,,,,,,,,,,,,,,,,,,,,,,,,,,,,,,,,,,,,,,,,,,,,,,,,,,,,,,,,,,,,,,,,,,,,,,,,,,,,,,,,,,,,,,,,,,,,,,,,,,,,,,,,,,,,,,,,,,,,,,,,,,,,,,,,,,,,,,,,,,,,,,,,,,,,,,,,,,,
2017,Qubec,16768,8502,130,379,2097,50.70%,0.78%,2.26%,12.51%,,90.93%,43.09%,55.80%,173.03%,,,,,,,,,,,,,,,,,,,,,,,,,,,,,,,,,,,,,,,,,,,,,,,,,,,,,,,,,,,,,,,,,,,,,,,,,,,,,,,,,,,,,,,,,,,,,,,,,,,,,,,,,,,,,,,,,,,,,,,,,,,,,,,,,,,,,,,,,,,,,,,,,,,,,,,,,,,,,,,,,,,,,
2018,Qubec,17508,8690,126,414,2361,49.63%,0.72%,2.36%,13.49%,,89.01%,39.78%,58.27%,186.58%,,,,,,,,,,,,,,,,,,,,,,,,,,,,,,,,,,,,,,,,,,,,,,,,,,,,,,,,,,,,,,,,,,,,,,,,,,,,,,,,,,,,,,,,,,,,,,,,,,,,,,,,,,,,,,,,,,,,,,,,,,,,,,,,,,,,,,,,,,,,,,,,,,,,,,,,,,,,,,,,,,,,,
2019,Qubec,18645,9083,134,416,2692,48.72%,0.72%,2.23%,14.44%,,87.37%,39.78%,55.06%,199.72%,,,,,,,,,,,,,,,,,,,,,,,,,,,,,,,,,,,,,,,,,,,,,,,,,,,,,,,,,,,,,,,,,,,,,,,,,,,,,,,,,,,,,,,,,,,,,,,,,,,,,,,,,,,,,,,,,,,,,,,,,,,,,,,,,,,,,,,,,,,,,,,,,,,,,,,,,,,,,,,,,,,,,
1997,Saskatchewan,2520,1430,57,93,53,56.75%,2.26%,3.69%,2.10%,,117.32%,32.99%,49.33%,71.19%,,,,,,,,,,,,,,,,,,,,,,,,,,,,,,,,,,,,,,,,,,,,,,,,,,,,,,,,,,,,,,,,,,,,,,,,,,,,,,,,,,,,,,,,,,,,,,,,,,,,,,,,,,,,,,,,,,,,,,,,,,,,,,,,,,,,,,,,,,,,,,,,,,,,,,,,,,,,,,,,,,,,,
1998,Saskatchewan,2567,1488,58,93,63,57.97%,2.26%,3.62%,2.45%,,119.85%,32.99%,48.40%,83.05%,,,,,,,,,,,,,,,,,,,,,,,,,,,,,,,,,,,,,,,,,,,,,,,,,,,,,,,,,,,,,,,,,,,,,,,,,,,,,,,,,,,,,,,,,,,,,,,,,,,,,,,,,,,,,,,,,,,,,,,,,,,,,,,,,,,,,,,,,,,,,,,,,,,,,,,,,,,,,,,,,,,,,
1999,Saskatchewan,2545,1536,61,95,73,60.35%,2.40%,3.73%,2.87%,,124.77%,35.04%,49.87%,97.29%,,,,,,,,,,,,,,,,,,,,,,,,,,,,,,,,,,,,,,,,,,,,,,,,,,,,,,,,,,,,,,,,,,,,,,,,,,,,,,,,,,,,,,,,,,,,,,,,,,,,,,,,,,,,,,,,,,,,,,,,,,,,,,,,,,,,,,,,,,,,,,,,,,,,,,,,,,,,,,,,,,,,,
2000,Saskatchewan,2469,1514,59,93,65,61.32%,2.39%,3.77%,2.63%,,126.77%,34.89%,50.40%,89.15%,,,,,,,,,,,,,,,,,,,,,,,,,,,,,,,,,,,,,,,,,,,,,,,,,,,,,,,,,,,,,,,,,,,,,,,,,,,,,,,,,,,,,,,,,,,,,,,,,,,,,,,,,,,,,,,,,,,,,,,,,,,,,,,,,,,,,,,,,,,,,,,,,,,,,,,,,,,,,,,,,,,,,
2001,Saskatchewan,2467,1535,61,82,85,62.22%,2.47%,3.32%,3.45%,,128.63%,36.06%,44.39%,116.95%,,,,,,,,,,,,,,,,,,,,,,,,,,,,,,,,,,,,,,,,,,,,,,,,,,,,,,,,,,,,,,,,,,,,,,,,,,,,,,,,,,,,,,,,,,,,,,,,,,,,,,,,,,,,,,,,,,,,,,,,,,,,,,,,,,,,,,,,,,,,,,,,,,,,,,,,,,,,,,,,,,,,,
2002,Saskatchewan,2252,1357,54,89,63,60.26%,2.40%,3.95%,2.80%,,124.58%,35.04%,52.81%,94.92%,,,,,,,,,,,,,,,,,,,,,,,,,,,,,,,,,,,,,,,,,,,,,,,,,,,,,,,,,,,,,,,,,,,,,,,,,,,,,,,,,,,,,,,,,,,,,,,,,,,,,,,,,,,,,,,,,,,,,,,,,,,,,,,,,,,,,,,,,,,,,,,,,,,,,,,,,,,,,,,,,,,,,
2003,Saskatchewan,2232,1365,54,79,58,61.16%,2.42%,3.54%,2.60%,,126.44%,35.33%,47.33%,88.14%,,,,,,,,,,,,,,,,,,,,,,,,,,,,,,,,,,,,,,,,,,,,,,,,,,,,,,,,,,,,,,,,,,,,,,,,,,,,,,,,,,,,,,,,,,,,,,,,,,,,,,,,,,,,,,,,,,,,,,,,,,,,,,,,,,,,,,,,,,,,,,,,,,,,,,,,,,,,,,,,,,,,,
2004,Saskatchewan,2170,1327,62,82,54,61.15%,2.86%,3.78%,2.49%,,126.42%,41.75%,50.53%,84.41%,,,,,,,,,,,,,,,,,,,,,,,,,,,,,,,,,,,,,,,,,,,,,,,,,,,,,,,,,,,,,,,,,,,,,,,,,,,,,,,,,,,,,,,,,,,,,,,,,,,,,,,,,,,,,,,,,,,,,,,,,,,,,,,,,,,,,,,,,,,,,,,,,,,,,,,,,,,,,,,,,,,,,
2005,Saskatchewan,2152,1306,63,98,54,60.69%,2.93%,4.55%,2.51%,,125.47%,42.77%,60.83%,85.08%,,,,,,,,,,,,,,,,,,,,,,,,,,,,,,,,,,,,,,,,,,,,,,,,,,,,,,,,,,,,,,,,,,,,,,,,,,,,,,,,,,,,,,,,,,,,,,,,,,,,,,,,,,,,,,,,,,,,,,,,,,,,,,,,,,,,,,,,,,,,,,,,,,,,,,,,,,,,,,,,,,,,,
2006,Saskatchewan,2261,1324,58,103,64,58.56%,2.57%,4.56%,2.83%,,121.07%,37.52%,60.96%,95.93%,,,,,,,,,,,,,,,,,,,,,,,,,,,,,,,,,,,,,,,,,,,,,,,,,,,,,,,,,,,,,,,,,,,,,,,,,,,,,,,,,,,,,,,,,,,,,,,,,,,,,,,,,,,,,,,,,,,,,,,,,,,,,,,,,,,,,,,,,,,,,,,,,,,,,,,,,,,,,,,,,,,,,
2007,Saskatchewan,2300,1360,62,101,72,59.13%,2.70%,4.39%,3.13%,,122.25%,39.42%,58.69%,106.10%,,,,,,,,,,,,,,,,,,,,,,,,,,,,,,,,,,,,,,,,,,,,,,,,,,,,,,,,,,,,,,,,,,,,,,,,,,,,,,,,,,,,,,,,,,,,,,,,,,,,,,,,,,,,,,,,,,,,,,,,,,,,,,,,,,,,,,,,,,,,,,,,,,,,,,,,,,,,,,,,,,,,,
2008,Saskatchewan,2297,1294,72,106,83,56.33%,3.13%,4.61%,3.61%,,116.46%,45.69%,61.63%,122.37%,,,,,,,,,,,,,,,,,,,,,,,,,,,,,,,,,,,,,,,,,,,,,,,,,,,,,,,,,,,,,,,,,,,,,,,,,,,,,,,,,,,,,,,,,,,,,,,,,,,,,,,,,,,,,,,,,,,,,,,,,,,,,,,,,,,,,,,,,,,,,,,,,,,,,,,,,,,,,,,,,,,,,
2009,Saskatchewan,2513,1307,75,111,82,52.01%,2.98%,4.42%,3.26%,,107.53%,43.50%,59.09%,110.51%,,,,,,,,,,,,,,,,,,,,,,,,,,,,,,,,,,,,,,,,,,,,,,,,,,,,,,,,,,,,,,,,,,,,,,,,,,,,,,,,,,,,,,,,,,,,,,,,,,,,,,,,,,,,,,,,,,,,,,,,,,,,,,,,,,,,,,,,,,,,,,,,,,,,,,,,,,,,,,,,,,,,,
2010,Saskatchewan,2541,1303,79,95,94,51.28%,3.11%,3.74%,3.70%,,106.02%,45.40%,50.00%,125.42%,,,,,,,,,,,,,,,,,,,,,,,,,,,,,,,,,,,,,,,,,,,,,,,,,,,,,,,,,,,,,,,,,,,,,,,,,,,,,,,,,,,,,,,,,,,,,,,,,,,,,,,,,,,,,,,,,,,,,,,,,,,,,,,,,,,,,,,,,,,,,,,,,,,,,,,,,,,,,,,,,,,,,
2011,Saskatchewan,2608,1339,84,96,127,51.34%,3.22%,3.68%,4.87%,,106.14%,47.01%,49.20%,165.08%,,,,,,,,,,,,,,,,,,,,,,,,,,,,,,,,,,,,,,,,,,,,,,,,,,,,,,,,,,,,,,,,,,,,,,,,,,,,,,,,,,,,,,,,,,,,,,,,,,,,,,,,,,,,,,,,,,,,,,,,,,,,,,,,,,,,,,,,,,,,,,,,,,,,,,,,,,,,,,,,,,,,,
2012,Saskatchewan,2730,1421,96,98,124,52.05%,3.52%,3.59%,4.54%,,107.61%,51.39%,47.99%,153.90%,,,,,,,,,,,,,,,,,,,,,,,,,,,,,,,,,,,,,,,,,,,,,,,,,,,,,,,,,,,,,,,,,,,,,,,,,,,,,,,,,,,,,,,,,,,,,,,,,,,,,,,,,,,,,,,,,,,,,,,,,,,,,,,,,,,,,,,,,,,,,,,,,,,,,,,,,,,,,,,,,,,,,
2013,Saskatchewan,2648,1392,95,101,160,52.57%,3.59%,3.81%,6.04%,,108.68%,52.41%,50.94%,204.75%,,,,,,,,,,,,,,,,,,,,,,,,,,,,,,,,,,,,,,,,,,,,,,,,,,,,,,,,,,,,,,,,,,,,,,,,,,,,,,,,,,,,,,,,,,,,,,,,,,,,,,,,,,,,,,,,,,,,,,,,,,,,,,,,,,,,,,,,,,,,,,,,,,,,,,,,,,,,,,,,,,,,,
2014,Saskatchewan,2070,891,101,79,114,43.04%,4.88%,3.82%,5.51%,,88.98%,71.24%,51.07%,186.78%,,,,,,,,,,,,,,,,,,,,,,,,,,,,,,,,,,,,,,,,,,,,,,,,,,,,,,,,,,,,,,,,,,,,,,,,,,,,,,,,,,,,,,,,,,,,,,,,,,,,,,,,,,,,,,,,,,,,,,,,,,,,,,,,,,,,,,,,,,,,,,,,,,,,,,,,,,,,,,,,,,,,,
2015,Saskatchewan,2040,874,80,80,135,42.84%,3.92%,3.92%,6.62%,,88.57%,57.23%,52.41%,224.41%,,,,,,,,,,,,,,,,,,,,,,,,,,,,,,,,,,,,,,,,,,,,,,,,,,,,,,,,,,,,,,,,,,,,,,,,,,,,,,,,,,,,,,,,,,,,,,,,,,,,,,,,,,,,,,,,,,,,,,,,,,,,,,,,,,,,,,,,,,,,,,,,,,,,,,,,,,,,,,,,,,,,,
2016,Saskatchewan,1982,879,80,83,133,44.35%,4.04%,4.19%,6.71%,,91.69%,58.98%,56.02%,227.46%,,,,,,,,,,,,,,,,,,,,,,,,,,,,,,,,,,,,,,,,,,,,,,,,,,,,,,,,,,,,,,,,,,,,,,,,,,,,,,,,,,,,,,,,,,,,,,,,,,,,,,,,,,,,,,,,,,,,,,,,,,,,,,,,,,,,,,,,,,,,,,,,,,,,,,,,,,,,,,,,,,,,,
2017,Saskatchewan,1947,893,65,82,151,45.87%,3.34%,4.21%,7.76%,,94.83%,48.76%,56.28%,263.05%,,,,,,,,,,,,,,,,,,,,,,,,,,,,,,,,,,,,,,,,,,,,,,,,,,,,,,,,,,,,,,,,,,,,,,,,,,,,,,,,,,,,,,,,,,,,,,,,,,,,,,,,,,,,,,,,,,,,,,,,,,,,,,,,,,,,,,,,,,,,,,,,,,,,,,,,,,,,,,,,,,,,,
2018,Saskatchewan,1984,865,74,80,156,43.60%,3.73%,4.03%,7.86%,,90.14%,54.45%,53.88%,266.44%,,,,,,,,,,,,,,,,,,,,,,,,,,,,,,,,,,,,,,,,,,,,,,,,,,,,,,,,,,,,,,,,,,,,,,,,,,,,,,,,,,,,,,,,,,,,,,,,,,,,,,,,,,,,,,,,,,,,,,,,,,,,,,,,,,,,,,,,,,,,,,,,,,,,,,,,,,,,,,,,,,,,,
2019,Saskatchewan,1977,865,71,72,151,43.75%,3.59%,3.64%,7.64%,,90.45%,52.41%,48.66%,258.98%,,,,,,,,,,,,,,,,,,,,,,,,,,,,,,,,,,,,,,,,,,,,,,,,,,,,,,,,,,,,,,,,,,,,,,,,,,,,,,,,,,,,,,,,,,,,,,,,,,,,,,,,,,,,,,,,,,,,,,,,,,,,,,,,,,,,,,,,,,,,,,,,,,,,,,,,,,,,,,,,,,,,,
1997,Yukon,68,25,2,1,3,36.76%,2.94%,1.47%,4.41%,,58.59%,16.37%,18.92%,121.15%,,,,,,,,,,,,,,,,,,,,,,,,,,,,,,,,,,,,,,,,,,,,,,,,,,,,,,,,,,,,,,,,,,,,,,,,,,,,,,,,,,,,,,,,,,,,,,,,,,,,,,,,,,,,,,,,,,,,,,,,,,,,,,,,,,,,,,,,,,,,,,,,,,,,,,,,,,,,,,,,,,,,,
1998,Yukon,89,33,1,1,8,37.08%,1.12%,1.12%,8.99%,,59.10%,6.24%,14.41%,246.98%,,,,,,,,,,,,,,,,,,,,,,,,,,,,,,,,,,,,,,,,,,,,,,,,,,,,,,,,,,,,,,,,,,,,,,,,,,,,,,,,,,,,,,,,,,,,,,,,,,,,,,,,,,,,,,,,,,,,,,,,,,,,,,,,,,,,,,,,,,,,,,,,,,,,,,,,,,,,,,,,,,,,,
1999,Yukon,89,37,2,1,7,41.57%,2.25%,1.12%,7.87%,,66.26%,12.53%,14.41%,216.21%,,,,,,,,,,,,,,,,,,,,,,,,,,,,,,,,,,,,,,,,,,,,,,,,,,,,,,,,,,,,,,,,,,,,,,,,,,,,,,,,,,,,,,,,,,,,,,,,,,,,,,,,,,,,,,,,,,,,,,,,,,,,,,,,,,,,,,,,,,,,,,,,,,,,,,,,,,,,,,,,,,,,,
2000,Yukon,91,34,2,1,5,37.36%,2.20%,1.10%,5.49%,,59.55%,12.25%,14.16%,150.82%,,,,,,,,,,,,,,,,,,,,,,,,,,,,,,,,,,,,,,,,,,,,,,,,,,,,,,,,,,,,,,,,,,,,,,,,,,,,,,,,,,,,,,,,,,,,,,,,,,,,,,,,,,,,,,,,,,,,,,,,,,,,,,,,,,,,,,,,,,,,,,,,,,,,,,,,,,,,,,,,,,,,,
2001,Yukon,107,45,3,1,4,42.06%,2.80%,0.93%,3.74%,,67.04%,15.59%,11.97%,102.75%,,,,,,,,,,,,,,,,,,,,,,,,,,,,,,,,,,,,,,,,,,,,,,,,,,,,,,,,,,,,,,,,,,,,,,,,,,,,,,,,,,,,,,,,,,,,,,,,,,,,,,,,,,,,,,,,,,,,,,,,,,,,,,,,,,,,,,,,,,,,,,,,,,,,,,,,,,,,,,,,,,,,,
2002,Yukon,93,37,3,1,3,39.78%,3.23%,1.08%,3.23%,,63.40%,17.98%,13.90%,88.74%,,,,,,,,,,,,,,,,,,,,,,,,,,,,,,,,,,,,,,,,,,,,,,,,,,,,,,,,,,,,,,,,,,,,,,,,,,,,,,,,,,,,,,,,,,,,,,,,,,,,,,,,,,,,,,,,,,,,,,,,,,,,,,,,,,,,,,,,,,,,,,,,,,,,,,,,,,,,,,,,,,,,,
2003,Yukon,95,34,2,6,4,35.79%,2.11%,6.32%,4.21%,,57.04%,11.75%,81.34%,115.66%,,,,,,,,,,,,,,,,,,,,,,,,,,,,,,,,,,,,,,,,,,,,,,,,,,,,,,,,,,,,,,,,,,,,,,,,,,,,,,,,,,,,,,,,,,,,,,,,,,,,,,,,,,,,,,,,,,,,,,,,,,,,,,,,,,,,,,,,,,,,,,,,,,,,,,,,,,,,,,,,,,,,,
2004,Yukon,109,45,2,5,5,41.28%,1.83%,4.59%,4.59%,,65.80%,10.19%,59.07%,126.10%,,,,,,,,,,,,,,,,,,,,,,,,,,,,,,,,,,,,,,,,,,,,,,,,,,,,,,,,,,,,,,,,,,,,,,,,,,,,,,,,,,,,,,,,,,,,,,,,,,,,,,,,,,,,,,,,,,,,,,,,,,,,,,,,,,,,,,,,,,,,,,,,,,,,,,,,,,,,,,,,,,,,,
2005,Yukon,113,44,2,5,8,38.94%,1.77%,4.42%,7.08%,,62.07%,9.86%,56.89%,194.51%,,,,,,,,,,,,,,,,,,,,,,,,,,,,,,,,,,,,,,,,,,,,,,,,,,,,,,,,,,,,,,,,,,,,,,,,,,,,,,,,,,,,,,,,,,,,,,,,,,,,,,,,,,,,,,,,,,,,,,,,,,,,,,,,,,,,,,,,,,,,,,,,,,,,,,,,,,,,,,,,,,,,,
2006,Yukon,114,43,1,2,8,37.72%,0.88%,1.75%,7.02%,,60.12%,4.90%,22.52%,192.86%,,,,,,,,,,,,,,,,,,,,,,,,,,,,,,,,,,,,,,,,,,,,,,,,,,,,,,,,,,,,,,,,,,,,,,,,,,,,,,,,,,,,,,,,,,,,,,,,,,,,,,,,,,,,,,,,,,,,,,,,,,,,,,,,,,,,,,,,,,,,,,,,,,,,,,,,,,,,,,,,,,,,,
2007,Yukon,135,52,3,1,8,38.52%,2.22%,0.74%,5.93%,,61.40%,12.36%,9.52%,162.91%,,,,,,,,,,,,,,,,,,,,,,,,,,,,,,,,,,,,,,,,,,,,,,,,,,,,,,,,,,,,,,,,,,,,,,,,,,,,,,,,,,,,,,,,,,,,,,,,,,,,,,,,,,,,,,,,,,,,,,,,,,,,,,,,,,,,,,,,,,,,,,,,,,,,,,,,,,,,,,,,,,,,,
2008,Yukon,131,48,7,1,11,36.64%,5.34%,0.76%,8.40%,,58.40%,29.73%,9.78%,230.77%,,,,,,,,,,,,,,,,,,,,,,,,,,,,,,,,,,,,,,,,,,,,,,,,,,,,,,,,,,,,,,,,,,,,,,,,,,,,,,,,,,,,,,,,,,,,,,,,,,,,,,,,,,,,,,,,,,,,,,,,,,,,,,,,,,,,,,,,,,,,,,,,,,,,,,,,,,,,,,,,,,,,,
2009,Yukon,126,52,5,2,8,41.27%,3.97%,1.59%,6.35%,,65.78%,22.10%,20.46%,174.45%,,,,,,,,,,,,,,,,,,,,,,,,,,,,,,,,,,,,,,,,,,,,,,,,,,,,,,,,,,,,,,,,,,,,,,,,,,,,,,,,,,,,,,,,,,,,,,,,,,,,,,,,,,,,,,,,,,,,,,,,,,,,,,,,,,,,,,,,,,,,,,,,,,,,,,,,,,,,,,,,,,,,,
2010,Yukon,117,48,5,2,8,41.03%,4.27%,1.71%,6.84%,,65.40%,23.78%,22.01%,187.91%,,,,,,,,,,,,,,,,,,,,,,,,,,,,,,,,,,,,,,,,,,,,,,,,,,,,,,,,,,,,,,,,,,,,,,,,,,,,,,,,,,,,,,,,,,,,,,,,,,,,,,,,,,,,,,,,,,,,,,,,,,,,,,,,,,,,,,,,,,,,,,,,,,,,,,,,,,,,,,,,,,,,,
2011,Yukon,116,48,6,3,9,41.38%,5.17%,2.59%,7.76%,,65.95%,28.79%,33.33%,213.19%,,,,,,,,,,,,,,,,,,,,,,,,,,,,,,,,,,,,,,,,,,,,,,,,,,,,,,,,,,,,,,,,,,,,,,,,,,,,,,,,,,,,,,,,,,,,,,,,,,,,,,,,,,,,,,,,,,,,,,,,,,,,,,,,,,,,,,,,,,,,,,,,,,,,,,,,,,,,,,,,,,,,,
2012,Yukon,134,42,7,3,12,31.34%,5.22%,2.24%,8.96%,,49.95%,29.06%,28.83%,246.15%,,,,,,,,,,,,,,,,,,,,,,,,,,,,,,,,,,,,,,,,,,,,,,,,,,,,,,,,,,,,,,,,,,,,,,,,,,,,,,,,,,,,,,,,,,,,,,,,,,,,,,,,,,,,,,,,,,,,,,,,,,,,,,,,,,,,,,,,,,,,,,,,,,,,,,,,,,,,,,,,,,,,,
2013,Yukon,144,41,8,6,17,28.47%,5.56%,4.17%,11.81%,,45.38%,30.96%,53.67%,324.45%,,,,,,,,,,,,,,,,,,,,,,,,,,,,,,,,,,,,,,,,,,,,,,,,,,,,,,,,,,,,,,,,,,,,,,,,,,,,,,,,,,,,,,,,,,,,,,,,,,,,,,,,,,,,,,,,,,,,,,,,,,,,,,,,,,,,,,,,,,,,,,,,,,,,,,,,,,,,,,,,,,,,,
2014,Yukon,136,39,10,5,19,28.68%,7.35%,3.68%,13.97%,,45.71%,40.92%,47.36%,383.79%,,,,,,,,,,,,,,,,,,,,,,,,,,,,,,,,,,,,,,,,,,,,,,,,,,,,,,,,,,,,,,,,,,,,,,,,,,,,,,,,,,,,,,,,,,,,,,,,,,,,,,,,,,,,,,,,,,,,,,,,,,,,,,,,,,,,,,,,,,,,,,,,,,,,,,,,,,,,,,,,,,,,,
2015,Yukon,145,42,10,5,16,28.97%,6.90%,3.45%,11.03%,,46.17%,38.42%,44.40%,303.02%,,,,,,,,,,,,,,,,,,,,,,,,,,,,,,,,,,,,,,,,,,,,,,,,,,,,,,,,,,,,,,,,,,,,,,,,,,,,,,,,,,,,,,,,,,,,,,,,,,,,,,,,,,,,,,,,,,,,,,,,,,,,,,,,,,,,,,,,,,,,,,,,,,,,,,,,,,,,,,,,,,,,,
2016,Yukon,141,44,8,4,14,31.21%,5.67%,2.84%,9.93%,,49.74%,31.57%,36.55%,272.80%,,,,,,,,,,,,,,,,,,,,,,,,,,,,,,,,,,,,,,,,,,,,,,,,,,,,,,,,,,,,,,,,,,,,,,,,,,,,,,,,,,,,,,,,,,,,,,,,,,,,,,,,,,,,,,,,,,,,,,,,,,,,,,,,,,,,,,,,,,,,,,,,,,,,,,,,,,,,,,,,,,,,,
2017,Yukon,147,50,6,3,15,34.01%,4.08%,2.04%,10.20%,,54.21%,22.72%,26.25%,280.22%,,,,,,,,,,,,,,,,,,,,,,,,,,,,,,,,,,,,,,,,,,,,,,,,,,,,,,,,,,,,,,,,,,,,,,,,,,,,,,,,,,,,,,,,,,,,,,,,,,,,,,,,,,,,,,,,,,,,,,,,,,,,,,,,,,,,,,,,,,,,,,,,,,,,,,,,,,,,,,,,,,,,,
2018,Yukon,171,58,7,3,19,33.92%,4.09%,1.75%,11.11%,,54.06%,22.77%,22.52%,305.22%,,,,,,,,,,,,,,,,,,,,,,,,,,,,,,,,,,,,,,,,,,,,,,,,,,,,,,,,,,,,,,,,,,,,,,,,,,,,,,,,,,,,,,,,,,,,,,,,,,,,,,,,,,,,,,,,,,,,,,,,,,,,,,,,,,,,,,,,,,,,,,,,,,,,,,,,,,,,,,,,,,,,,
2019,Yukon,177,61,6,2,21,34.46%,3.39%,1.13%,11.86%,,54.93%,18.88%,14.54%,325.82%,,,,,,,,,,,,,,,,,,,,,,,,,,,,,,,,,,,,,,,,,,,,,,,,,,,,,,,,,,,,,,,,,,,,,,,,,,,,,,,,,,,,,,,,,,,,,,,,,,,,,,,,,,,,,,,,,,,,,,,,,,,,,,,,,,,,,,,,,,,,,,,,,,,,,,,,,,,,,,,,,,,,,
,,,,,,,,,,,,,,,,,,,,,,,,,,,,,,,,,,,,,,,,,,,,,,,,,,,,,,,,,,,,,,,,,,,,,,,,,,,,,,,,,,,,,,,,,,,,,,,,,,,,,,,,,,,,,,,,,,,,,,,,,,,,,,,,,,,,,,,,,,,,,,,,,,,,,,,,,,,,,,,,,,,,,,,,,,,,,,,,,,,,
,,,,,,,,,,,,,,,,,,,,,,,,,,,,,,,,,,,,,,,,,,,,,,,,,,,,,,,,,,,,,,,,,,,,,,,,,,,,,,,,,,,,,,,,,,,,,,,,,,,,,,,,,,,,,,,,,,,,,,,,,,,,,,,,,,,,,,,,,,,,,,,,,,,,,,,,,,,,,,,,,,,,,,,,,,,,,,,,,,,,
,,,,,,,,,,,,,,,,,,,,,,,,,,,,,,,,,,,,,,,,,,,,,,,,,,,,,,,,,,,,,,,,,,,,,,,,,,,,,,,,,,,,,,,,,,,,,,,,,,,,,,,,,,,,,,,,,,,,,,,,,,,,,,,,,,,,,,,,,,,,,,,,,,,,,,,,,,,,,,,,,,,,,,,,,,,,,,,,,,,,
,,,,,,,,,,,,,,,,,,,,,,,,,,,,,,,,,,,,,,,,,,,,,,,,,,,,,,,,,,,,,,,,,,,,,,,,,,,,,,,,,,,,,,,,,,,,,,,,,,,,,,,,,,,,,,,,,,,,,,,,,,,,,,,,,,,,,,,,,,,,,,,,,,,,,,,,,,,,,,,,,,,,,,,,,,,,,,,,,,,,
,,,,,,,,,,,,,,,,,,,,,,,,,,,,,,,,,,,,,,,,,,,,,,,,,,,,,,,,,,,,,,,,,,,,,,,,,,,,,,,,,,,,,,,,,,,,,,,,,,,,,,,,,,,,,,,,,,,,,,,,,,,,,,,,,,,,,,,,,,,,,,,,,,,,,,,,,,,,,,,,,,,,,,,,,,,,,,,,,,,,
,,,,,,,,,,,,,,,,,,,,,,,,,,,,,,,,,,,,,,,,,,,,,,,,,,,,,,,,,,,,,,,,,,,,,,,,,,,,,,,,,,,,,,,,,,,,,,,,,,,,,,,,,,,,,,,,,,,,,,,,,,,,,,,,,,,,,,,,,,,,,,,,,,,,,,,,,,,,,,,,,,,,,,,,,,,,,,,,,,,,
,,,,,,,,,,,,,,,,,,,,,,,,,,,,,,,,,,,,,,,,,,,,,,,,,,,,,,,,,,,,,,,,,,,,,,,,,,,,,,,,,,,,,,,,,,,,,,,,,,,,,,,,,,,,,,,,,,,,,,,,,,,,,,,,,,,,,,,,,,,,,,,,,,,,,,,,,,,,,,,,,,,,,,,,,,,,,,,,,,,,
,,,,,,,,,,,,,,,,,,,,,,,,,,,,,,,,,,,,,,,,,,,,,,,,,,,,,,,,,,,,,,,,,,,,,,,,,,,,,,,,,,,,,,,,,,,,,,,,,,,,,,,,,,,,,,,,,,,,,,,,,,,,,,,,,,,,,,,,,,,,,,,,,,,,,,,,,,,,,,,,,,,,,,,,,,,,,,,,,,,,
1997,1998,1999,2000,2001,2002,2003,2004,2005,2006,2007,2008,2009,2010,2011,2012,2013,2014,2015,2016,2017,2018,2019,1997,1998,1999,2000,2001,2002,2003,2004,2005,2006,2007,2008,2009,2010,2011,2012,2013,2014,2015,2016,2017,2018,2019,1999,2001,2002,2003,2004,2005,2006,2007,2008,2009,2010,2011,2012,2013,2014,2015,2016,2017,2018,2019,1997,1998,1999,2000,2001,2002,2003,2004,2005,2006,2007,2008,2009,2010,2011,2012,2013,2014,2015,2016,2017,2018,2019,1997,1998,1999,2000,2001,2002,2003,2004,2005,2006,2007,2008,2009,2010,2011,2012,2013,2014,2015,2016,2017,2018,2019,1997,1998,1999,2000,2001,2002,2003,2004,2005,2006,2007,2008,2009,2010,2011,2012,2013,2014,2015,2016,2017,2018,2019,1997,1998,1999,2000,2001,2002,2003,2004,2005,2006,2007,2008,2009,2010,2011,2012,2013,2014,2015,2016,2017,2018,2019,1997,1998,1999,2000,2001,2002,2003,2004,2005,2006,2007,2008,2009,2010,2011,2012,2013,2014,2015,2016,2017,2018,2019
Northwest Territories,Northwest Territories,Northwest Territories,Northwest Territories,Northwest Territories,Northwest Territories,Northwest Territories,Northwest Territories,Northwest Territories,Northwest Territories,Northwest Territories,Northwest Territories,Northwest Territories,Northwest Territories,Northwest Territories,Northwest Territories,Northwest Territories,Northwest Territories,Northwest Territories,Northwest Territories,Northwest Territories,Northwest Territories,Northwest Territories,Nova Scotia,Nova Scotia,Nova Scotia,Nova Scotia,Nova Scotia,Nova Scotia,Nova Scotia,Nova Scotia,Nova Scotia,Nova Scotia,Nova Scotia,Nova Scotia,Nova Scotia,Nova Scotia,Nova Scotia,Nova Scotia,Nova Scotia,Nova Scotia,Nova Scotia,Nova Scotia,Nova Scotia,Nova Scotia,Nova Scotia,Nunavut,Nunavut,Nunavut,Nunavut,Nunavut,Nunavut,Nunavut,Nunavut,Nunavut,Nunavut,Nunavut,Nunavut,Nunavut,Nunavut,Nunavut,Nunavut,Nunavut,Nunavut,Nunavut,Nunavut,Ontario,Ontario,Ontario,Ontario,Ontario,Ontario,Ontario,Ontario,Ontario,Ontario,Ontario,Ontario,Ontario,Ontario,Ontario,Ontario,Ontario,Ontario,Ontario,Ontario,Ontario,Ontario,Ontario,Prince Edward Island,Prince Edward Island,Prince Edward Island,Prince Edward Island,Prince Edward Island,Prince Edward Island,Prince Edward Island,Prince Edward Island,Prince Edward Island,Prince Edward Island,Prince Edward Island,Prince Edward Island,Prince Edward Island,Prince Edward Island,Prince Edward Island,Prince Edward Island,Prince Edward Island,Prince Edward Island,Prince Edward Island,Prince Edward Island,Prince Edward Island,Prince Edward Island,Prince Edward Island,Qubec,Qubec,Qubec,Qubec,Qubec,Qubec,Qubec,Qubec,Qubec,Qubec,Qubec,Qubec,Qubec,Qubec,Qubec,Qubec,Qubec,Qubec,Qubec,Qubec,Qubec,Qubec,Qubec,Saskatchewan,Saskatchewan,Saskatchewan,Saskatchewan,Saskatchewan,Saskatchewan,Saskatchewan,Saskatchewan,Saskatchewan,Saskatchewan,Saskatchewan,Saskatchewan,Saskatchewan,Saskatchewan,Saskatchewan,Saskatchewan,Saskatchewan,Saskatchewan,Saskatchewan,Saskatchewan,Saskatchewan,Saskatchewan,Saskatchewan,Yukon,Yukon,Yukon,Yukon,Yukon,Yukon,Yukon,Yukon,Yukon,Yukon,Yukon,Yukon,Yukon,Yukon,Yukon,Yukon,Yukon,Yukon,Yukon,Yukon,Yukon,Yukon,Yukon
29.13%,27.83%,26.32%,23.81%,20.69%,17.28%,22.43%,27.19%,27.61%,29.52%,27.69%,33.56%,28.68%,22.22%,26.50%,29.41%,26.47%,20.00%,22.95%,20.59%,21.43%,28.81%,28.33%,55.74%,58.23%,61.28%,58.86%,58.91%,57.30%,59.38%,59.82%,58.33%,59.15%,57.78%,54.74%,55.81%,55.21%,55.16%,54.58%,54.13%,46.44%,49.70%,48.93%,47.97%,46.70%,47.79%,25.00%,16.67%,25.00%,33.33%,50.00%,50.00%,33.33%,30.00%,25.00%,30.00%,30.00%,28.57%,25.93%,25.00%,23.53%,28.57%,57.14%,55.56%,37.50%,42.86%,54.17%,54.76%,55.99%,55.79%,56.25%,53.37%,52.90%,52.84%,52.73%,52.98%,52.19%,50.76%,50.43%,50.29%,50.19%,49.93%,49.62%,48.58%,48.01%,48.22%,47.77%,47.01%,47.41%,55.05%,61.33%,62.50%,53.89%,54.15%,51.18%,55.34%,56.17%,54.92%,57.32%,54.19%,53.14%,51.87%,56.39%,58.17%,60.91%,56.67%,35.66%,39.06%,37.17%,27.66%,27.88%,21.65%,55.51%,57.90%,59.57%,58.30%,57.70%,57.35%,57.44%,57.43%,56.91%,57.05%,55.43%,53.94%,53.50%,53.66%,53.04%,53.63%,53.00%,52.37%,51.67%,51.44%,50.70%,49.63%,48.72%,56.75%,57.97%,60.35%,61.32%,62.22%,60.26%,61.16%,61.15%,60.69%,58.56%,59.13%,56.33%,52.01%,51.28%,51.34%,52.05%,52.57%,43.04%,42.84%,44.35%,45.87%,43.60%,43.75%,36.76%,37.08%,41.57%,37.36%,42.06%,39.78%,35.79%,41.28%,38.94%,37.72%,38.52%,36.64%,41.27%,41.03%,41.38%,31.34%,28.47%,28.68%,28.97%,31.21%,34.01%,33.92%,34.46%
14.56%,13.04%,10.53%,11.90%,11.49%,12.35%,14.95%,14.91%,13.43%,15.24%,25.38%,13.70%,5.88%,6.35%,4.27%,5.04%,3.92%,4.71%,3.28%,0.00%,4.76%,6.78%,5.00%,0.54%,0.56%,0.67%,0.42%,0.46%,0.73%,0.68%,0.64%,0.68%,0.94%,0.90%,0.99%,1.28%,1.50%,1.63%,1.74%,2.27%,1.95%,2.01%,1.60%,1.67%,1.93%,1.79%,25.00%,16.67%,25.00%,33.33%,50.00%,50.00%,33.33%,30.00%,25.00%,30.00%,30.00%,28.57%,37.04%,28.57%,29.41%,42.86%,28.57%,22.22%,18.75%,28.57%,0.74%,0.78%,0.81%,0.75%,0.74%,0.78%,0.81%,0.86%,0.90%,0.92%,0.97%,0.88%,0.98%,1.00%,0.97%,0.95%,0.92%,0.91%,0.97%,1.02%,0.97%,1.00%,0.98%,0.00%,0.39%,0.00%,0.00%,0.00%,0.00%,0.00%,0.00%,0.82%,1.67%,0.49%,0.00%,0.00%,0.44%,0.00%,0.51%,0.48%,0.70%,0.00%,0.88%,2.13%,2.88%,0.00%,0.64%,0.64%,0.65%,0.44%,0.46%,0.90%,0.51%,0.53%,0.53%,0.52%,0.56%,0.52%,0.56%,0.54%,0.51%,0.59%,0.63%,0.64%,0.78%,0.80%,0.78%,0.72%,0.72%,2.26%,2.26%,2.40%,2.39%,2.47%,2.40%,2.42%,2.86%,2.93%,2.57%,2.70%,3.13%,2.98%,3.11%,3.22%,3.52%,3.59%,4.88%,3.92%,4.04%,3.34%,3.73%,3.59%,2.94%,1.12%,2.25%,2.20%,2.80%,3.23%,2.11%,1.83%,1.77%,0.88%,2.22%,5.34%,3.97%,4.27%,5.17%,5.22%,5.56%,7.35%,6.90%,5.67%,4.08%,4.09%,3.39%
0.97%,1.74%,2.63%,3.57%,2.30%,1.23%,2.80%,3.51%,1.49%,1.90%,0.77%,2.05%,1.47%,3.17%,1.71%,1.68%,1.96%,1.18%,0.00%,0.00%,0.00%,0.00%,0.00%,2.38%,2.37%,2.55%,2.86%,2.59%,3.28%,2.91%,3.07%,3.51%,3.85%,3.54%,3.64%,3.51%,3.60%,3.59%,3.96%,3.88%,3.61%,4.47%,4.85%,4.47%,5.08%,4.70%,0.00%,0.00%,0.00%,0.00%,0.00%,0.00%,0.00%,0.00%,0.00%,0.00%,0.00%,0.00%,0.00%,7.14%,0.00%,0.00%,0.00%,0.00%,0.00%,0.00%,2.10%,1.96%,1.91%,1.93%,1.76%,2.00%,2.02%,2.42%,2.66%,2.84%,2.96%,2.84%,2.85%,2.79%,2.76%,3.03%,2.93%,3.10%,3.36%,3.69%,3.65%,3.88%,4.13%,2.53%,2.34%,1.79%,1.55%,1.75%,1.90%,2.37%,2.98%,4.10%,5.02%,2.46%,1.93%,2.80%,3.08%,1.92%,3.55%,2.38%,1.40%,2.34%,2.65%,1.06%,1.92%,2.06%,1.12%,1.07%,0.97%,0.92%,0.94%,0.95%,0.98%,1.10%,1.36%,1.33%,1.31%,1.21%,1.35%,1.33%,1.40%,1.69%,1.65%,1.79%,2.08%,2.20%,2.26%,2.36%,2.23%,3.69%,3.62%,3.73%,3.77%,3.32%,3.95%,3.54%,3.78%,4.55%,4.56%,4.39%,4.61%,4.42%,3.74%,3.68%,3.59%,3.81%,3.82%,3.92%,4.19%,4.21%,4.03%,3.64%,1.47%,1.12%,1.12%,1.10%,0.93%,1.08%,6.32%,4.59%,4.42%,1.75%,0.74%,0.76%,1.59%,1.71%,2.59%,2.24%,4.17%,3.68%,3.45%,2.84%,2.04%,1.75%,1.13%
1.94%,1.74%,2.63%,1.19%,0.00%,0.00%,4.67%,2.63%,3.73%,2.86%,2.31%,6.16%,8.09%,8.73%,7.69%,5.88%,6.86%,3.53%,8.20%,5.88%,11.90%,15.25%,16.67%,2.61%,2.78%,2.55%,2.67%,2.67%,2.32%,3.03%,2.99%,3.39%,3.55%,3.97%,3.79%,3.63%,4.01%,4.23%,4.34%,4.96%,3.12%,4.57%,5.15%,6.97%,6.95%,7.89%,0.00%,0.00%,0.00%,0.00%,0.00%,0.00%,0.00%,0.00%,0.00%,0.00%,0.00%,0.00%,0.00%,0.00%,5.88%,14.29%,14.29%,0.00%,6.25%,14.29%,13.49%,14.12%,14.85%,14.97%,15.93%,15.83%,16.60%,17.77%,18.35%,19.38%,21.05%,20.94%,21.51%,23.08%,24.36%,24.84%,25.85%,26.78%,27.29%,28.79%,29.45%,31.21%,31.87%,1.52%,1.56%,1.19%,1.04%,0.87%,0.47%,0.79%,0.43%,0.00%,0.00%,0.00%,0.48%,0.93%,1.32%,0.96%,2.03%,0.95%,0.70%,3.91%,3.54%,4.26%,2.88%,1.03%,3.37%,3.59%,3.80%,3.84%,4.45%,4.71%,5.08%,5.45%,5.95%,6.53%,6.75%,7.25%,7.85%,8.30%,8.53%,9.14%,10.17%,9.98%,11.06%,11.94%,12.51%,13.49%,14.44%,2.10%,2.45%,2.87%,2.63%,3.45%,2.80%,2.60%,2.49%,2.51%,2.83%,3.13%,3.61%,3.26%,3.70%,4.87%,4.54%,6.04%,5.51%,6.62%,6.71%,7.76%,7.86%,7.64%,4.41%,8.99%,7.87%,5.49%,3.74%,3.23%,4.21%,4.59%,7.08%,7.02%,5.93%,8.40%,6.35%,6.84%,7.76%,8.96%,11.81%,13.97%,11.03%,9.93%,10.20%,11.11%,11.86%
,,,,,,,,,,,,,,,,,,,,,,,,,,,,,,,,,,,,,,,,,,,,,,,,,,,,,,,,,,,,,,,,,,,,,,,,,,,,,,,,,,,,,,,,,,,,,,,,,,,,,,,,,,,,,,,,,,,,,,,,,,,,,,,,,,,,,,,,,,,,,,,,,,,,,,,,,,,,,,,,,,,,,,,,,,,,,,,,,,,,
51.64%,49.34%,46.66%,42.21%,36.68%,30.63%,39.76%,48.20%,48.95%,52.33%,49.09%,59.49%,50.84%,39.39%,46.98%,52.14%,46.92%,35.45%,40.68%,36.50%,37.99%,51.07%,50.22%,98.67%,103.08%,108.48%,104.20%,104.28%,101.43%,105.12%,105.89%,103.26%,104.71%,102.28%,96.90%,98.80%,97.73%,97.65%,96.62%,95.82%,82.21%,87.98%,86.62%,84.92%,82.67%,84.60%,46.42%,30.95%,46.42%,61.88%,92.83%,92.83%,61.88%,55.70%,46.42%,55.70%,55.70%,53.04%,48.14%,46.42%,43.69%,53.04%,106.09%,103.16%,69.62%,79.58%,100.73%,101.82%,104.11%,103.74%,104.59%,99.24%,98.36%,98.25%,98.05%,98.51%,97.04%,94.38%,93.77%,93.51%,93.32%,92.84%,92.26%,90.33%,89.27%,89.66%,88.82%,87.41%,88.16%,96.39%,107.39%,109.44%,94.36%,94.82%,89.62%,96.90%,98.35%,96.17%,100.37%,94.89%,93.05%,90.82%,98.74%,101.86%,106.65%,99.23%,62.44%,68.39%,65.08%,48.43%,48.82%,37.91%,99.55%,103.84%,106.83%,104.56%,103.48%,102.85%,103.01%,102.99%,102.06%,102.31%,99.41%,96.74%,95.95%,96.23%,95.12%,96.18%,95.05%,93.92%,92.66%,92.25%,90.93%,89.01%,87.37%,117.32%,119.85%,124.77%,126.77%,128.63%,124.58%,126.44%,126.42%,125.47%,121.07%,122.25%,116.46%,107.53%,106.02%,106.14%,107.61%,108.68%,88.98%,88.57%,91.69%,94.83%,90.14%,90.45%,58.59%,59.10%,66.26%,59.55%,67.04%,63.40%,57.04%,65.80%,62.07%,60.12%,61.40%,58.40%,65.78%,65.40%,65.95%,49.95%,45.38%,45.71%,46.17%,49.74%,54.21%,54.06%,54.93%
42.94%,38.45%,31.05%,35.09%,33.88%,36.42%,44.09%,43.97%,39.60%,44.94%,74.85%,40.40%,17.34%,18.73%,12.59%,14.86%,11.56%,13.89%,9.67%,0.00%,14.04%,19.99%,14.74%,12.80%,13.27%,15.88%,9.95%,10.90%,17.30%,16.11%,15.17%,16.11%,22.27%,21.33%,23.46%,30.33%,35.55%,38.63%,41.23%,53.79%,46.21%,47.63%,37.91%,39.57%,45.73%,42.42%,43.93%,29.29%,43.93%,58.57%,87.86%,87.86%,58.57%,52.71%,43.93%,52.71%,52.71%,50.20%,65.09%,50.20%,51.68%,75.31%,50.20%,39.04%,32.95%,50.20%,37.19%,39.20%,40.70%,37.69%,37.19%,39.20%,40.70%,43.22%,45.23%,46.23%,48.74%,44.22%,49.25%,50.25%,48.74%,47.74%,46.23%,45.73%,48.74%,51.26%,48.74%,50.25%,49.25%,0.00%,33.91%,0.00%,0.00%,0.00%,0.00%,0.00%,0.00%,71.30%,145.22%,42.61%,0.00%,0.00%,38.26%,0.00%,44.35%,41.74%,60.87%,0.00%,76.52%,185.22%,250.43%,0.00%,35.36%,35.36%,35.91%,24.31%,25.41%,49.72%,28.18%,29.28%,29.28%,28.73%,30.94%,28.73%,30.94%,29.83%,28.18%,32.60%,34.81%,35.36%,43.09%,44.20%,43.09%,39.78%,39.78%,32.99%,32.99%,35.04%,34.89%,36.06%,35.04%,35.33%,41.75%,42.77%,37.52%,39.42%,45.69%,43.50%,45.40%,47.01%,51.39%,52.41%,71.24%,57.23%,58.98%,48.76%,54.45%,52.41%,16.37%,6.24%,12.53%,12.25%,15.59%,17.98%,11.75%,10.19%,9.86%,4.90%,12.36%,29.73%,22.10%,23.78%,28.79%,29.06%,30.96%,40.92%,38.42%,31.57%,22.72%,22.77%,18.88%
12.75%,22.86%,34.56%,46.91%,30.22%,16.16%,36.79%,46.12%,19.58%,24.97%,10.12%,26.94%,19.32%,41.66%,22.47%,22.08%,25.76%,15.51%,0.00%,0.00%,0.00%,0.00%,0.00%,29.02%,28.90%,31.10%,34.88%,31.59%,40.00%,35.49%,37.44%,42.80%,46.95%,43.17%,44.39%,42.80%,43.90%,43.78%,48.29%,47.32%,44.02%,54.51%,59.15%,54.51%,61.95%,57.32%,NA,NA,NA,NA,NA,NA,NA,NA,NA,NA,NA,NA,NA,NA,NA,NA,NA,NA,NA,NA,30.84%,28.78%,28.05%,28.34%,25.84%,29.37%,29.66%,35.54%,39.06%,41.70%,43.47%,41.70%,41.85%,40.97%,40.53%,44.49%,43.02%,45.52%,49.34%,54.19%,53.60%,56.98%,60.65%,42.59%,39.39%,30.13%,26.09%,29.46%,31.99%,39.90%,50.17%,69.02%,84.51%,41.41%,32.49%,47.14%,51.85%,32.32%,59.76%,40.07%,23.57%,39.39%,44.61%,17.85%,32.32%,34.68%,27.65%,26.42%,23.95%,22.72%,23.21%,23.46%,24.20%,27.16%,33.58%,32.84%,32.35%,29.88%,33.33%,32.84%,34.57%,41.73%,40.74%,44.20%,51.36%,54.32%,55.80%,58.27%,55.06%,49.33%,48.40%,49.87%,50.40%,44.39%,52.81%,47.33%,50.53%,60.83%,60.96%,58.69%,61.63%,59.09%,50.00%,49.20%,47.99%,50.94%,51.07%,52.41%,56.02%,56.28%,53.88%,48.66%,18.92%,14.41%,14.41%,14.16%,11.97%,13.90%,81.34%,59.07%,56.89%,22.52%,9.52%,9.78%,20.46%,22.01%,33.33%,28.83%,53.67%,47.36%,44.40%,36.55%,26.25%,22.52%,14.54%
27.87%,25.00%,37.79%,17.10%,0.00%,0.00%,67.10%,37.79%,53.59%,41.09%,33.19%,88.51%,116.24%,125.43%,110.49%,84.48%,98.56%,50.72%,117.82%,84.48%,170.98%,219.11%,239.51%,74.57%,79.43%,72.86%,76.29%,76.29%,66.29%,86.57%,85.43%,96.86%,101.43%,113.43%,108.29%,103.71%,114.57%,120.86%,124.00%,141.71%,89.14%,130.57%,147.14%,199.14%,198.57%,225.43%,0.00%,0.00%,0.00%,0.00%,0.00%,0.00%,0.00%,0.00%,0.00%,0.00%,0.00%,0.00%,0.00%,0.00%,120.49%,292.83%,292.83%,0.00%,128.07%,292.83%,66.65%,69.76%,73.37%,73.96%,78.71%,78.21%,82.02%,87.80%,90.66%,95.75%,104.00%,103.46%,106.27%,114.03%,120.36%,122.73%,127.72%,132.31%,134.83%,142.24%,145.50%,154.20%,157.46%,103.40%,106.12%,80.95%,70.75%,59.18%,31.97%,53.74%,29.25%,0.00%,0.00%,0.00%,32.65%,63.27%,89.80%,65.31%,138.10%,64.63%,47.62%,265.99%,240.82%,289.80%,195.92%,70.07%,46.61%,49.65%,52.56%,53.11%,61.55%,65.15%,70.26%,75.38%,82.30%,90.32%,93.36%,100.28%,108.58%,114.80%,117.98%,126.42%,140.66%,138.04%,152.97%,165.15%,173.03%,186.58%,199.72%,71.19%,83.05%,97.29%,89.15%,116.95%,94.92%,88.14%,84.41%,85.08%,95.93%,106.10%,122.37%,110.51%,125.42%,165.08%,153.90%,204.75%,186.78%,224.41%,227.46%,263.05%,266.44%,258.98%,121.15%,246.98%,216.21%,150.82%,102.75%,88.74%,115.66%,126.10%,194.51%,192.86%,162.91%,230.77%,174.45%,187.91%,213.19%,246.15%,324.45%,383.79%,303.02%,272.80%,280.22%,305.22%,325.82%